-- phpMyAdmin SQL Dump
-- version 5.1.1deb5ubuntu1
-- https://www.phpmyadmin.net/
--
-- Host: localhost:3306
-- Generation Time: Apr 17, 2026 at 04:47 PM
-- Server version: 8.0.45-0ubuntu0.22.04.1
-- PHP Version: 8.1.2-1ubuntu2.23

SET SQL_MODE = "NO_AUTO_VALUE_ON_ZERO";
START TRANSACTION;
SET time_zone = "+00:00";


/*!40101 SET @OLD_CHARACTER_SET_CLIENT=@@CHARACTER_SET_CLIENT */;
/*!40101 SET @OLD_CHARACTER_SET_RESULTS=@@CHARACTER_SET_RESULTS */;
/*!40101 SET @OLD_COLLATION_CONNECTION=@@COLLATION_CONNECTION */;
/*!40101 SET NAMES utf8mb4 */;

--
-- Database: `budget_dtn`
--

-- --------------------------------------------------------

--
-- Table structure for table `budget_act`
--

CREATE TABLE `budget_act` (
  `id` int NOT NULL,
  `budget_act_amount` decimal(10,0) NOT NULL,
  `fiscal_year` int NOT NULL,
  `q1_percent` decimal(5,2) DEFAULT '0.00',
  `q2_percent` decimal(5,2) DEFAULT '0.00',
  `q3_percent` decimal(5,2) DEFAULT '0.00',
  `q4_percent` decimal(5,2) DEFAULT '0.00'
) ENGINE=InnoDB DEFAULT CHARSET=utf8mb4 COLLATE=utf8mb4_general_ci;

--
-- Dumping data for table `budget_act`
--

INSERT INTO `budget_act` (`id`, `budget_act_amount`, `fiscal_year`, `q1_percent`, `q2_percent`, `q3_percent`, `q4_percent`) VALUES
(5, '32000000', 2568, '38.00', '61.00', '81.00', '100.00'),
(6, '26018700', 2569, '38.00', '61.00', '81.00', '100.00');

-- --------------------------------------------------------

--
-- Table structure for table `budget_detail`
--

CREATE TABLE `budget_detail` (
  `id_detail` int NOT NULL,
  `budget_item_id` int NOT NULL,
  `detail_name` varchar(255) COLLATE utf8mb4_general_ci NOT NULL,
  `budget_received` decimal(12,2) NOT NULL,
  `requested_amount` decimal(12,2) NOT NULL,
  `description` text CHARACTER SET utf8mb4 COLLATE utf8mb4_general_ci NOT NULL
) ENGINE=InnoDB DEFAULT CHARSET=utf8mb4 COLLATE=utf8mb4_general_ci;

--
-- Dumping data for table `budget_detail`
--

INSERT INTO `budget_detail` (`id_detail`, `budget_item_id`, `detail_name`, `budget_received`, `requested_amount`, `description`) VALUES
(25, 10, 'โครงการจัดซื้อครุภัณฑ์คอมพิวเตอร์พกพา แบบหน้าจอสัมผัส (รวมปากกา) พร้อมชุดโปรแกรมปฏิบัติการ และชุดโปรแกรมจัดการสำนักงาน จำนวน 105 เครื่อง', '5649000.00', '4329969.00', ''),
(26, 10, 'โครงการจัดซื้อชุดโปรแกรม จำนวน 3 รายการ ', '1348500.00', '882536.00', ''),
(27, 10, 'โครงการปรับปรุงประสิทธิภาพการจัดการฐานข้อมูลและระบบสารสนเทศการเจรจาการค้าระหว่างประเทศ TIS', '11639400.00', '11235000.00', ''),
(28, 10, 'โครงการปรับปรุงประสิทธิภาพการรักษาความปลอดภัยระบบสารสนเทศและระบบเครือข่าย ', '8000000.00', '6880000.00', ''),
(30, 11, 'โครงการจ้างเหมาบริการบำรุงรักษาระบบจัดเก็บข้อมูลจราจรทางคอมพิวเตอร์และระบบข้อมูลเปิด', '650000.00', '535000.00', ''),
(31, 11, 'โครงการจ้างเหมาบริการบำรุงรักษาระบบติดตามผลการเจรจาการค้าระหว่างประเทศ', '800000.00', '680000.00', ''),
(32, 11, 'โครงการจ้างเหมาบริการบำรุงรักษาเว็บไซต์และระบบสารสนเทศ', '390000.00', '390000.00', ''),
(33, 11, 'โครงการจ้างเหมาบริการบำรุงรักษาระบบบริหารทรัพยากรองค์กร', '980000.00', '950000.00', ''),
(34, 11, 'โครงการจ้างเหมาบริการบำรุงรักษาและซ่อมแซมแก้ไขเครื่องคอมพิวเตอร์     และอุปกรณ์ต่อพ่วง ', '820000.00', '693600.00', ''),
(35, 11, 'โครงการจัดซื้อลิขสิทธิ์ปัญญาประดิษฐ์ (AI) เพื่อสนับสนุนการปฏิบัติงาน', '300000.00', '289500.00', ''),
(36, 11, 'ลิขสิทธิ์โปรแกรมการประชุมทางไกล (ZOOM)', '103000.00', '102591.60', ''),
(37, 11, 'โครงการจัดซื้อชุดโปรแกรมสำหรับเครื่องแม่ข่าย จำนวน 2 รายการ', '157000.00', '155000.00', ''),
(38, 12, 'โครงการจ้างที่ปรึกษาด้านเทคโนโลยีสารสนเทศและการสื่อสาร ', '900000.00', '680000.00', ''),
(53, 14, 'โครงการจัดซื้อครุภัณฑ์คอมพิวเตอร์ อุปกรณ์ และชุดโปรแกรมบริหารจัดการเอกสารไฟล์ PDF จำนวน 5 รายการ', '4656000.00', '0.00', ''),
(54, 14, 'โครงการปรับปรุงประสิทธิภาพการรักษาความปลอดภัยระบบสารสนเทศ และระบบเครือข่าย', '8667000.00', '0.00', ''),
(55, 14, 'โครงการพัฒนาและปรับปรุงระบบสิทธิประโยชน์ทางภาษี', '5000000.00', '4194546.00', ''),
(56, 15, 'โครงการสนับสนุนการบริหารงานด้วยเทคโนโลยีคลาวด์และซอฟต์แวร์ดิจิทัล', '274700.00', '240000.00', ''),
(58, 17, 'โครงการจ้างเหมาบริการบำรุงรักษาและซ่อมแซมแก้ไขเครื่องคอมพิวเตอร์ อุปกรณ์ต่อพ่วง และระบบเครือข่าย', '1500000.00', '0.00', ''),
(59, 17, 'โครงการจ้างเหมาบริการบำรุงรักษาเว็บไซต์และระบบสารสนเทศ (dtn+ntr)', '500000.00', '490000.00', ''),
(60, 17, 'โครงการจ้างเหมาบริการบำรุงรักษาระบบโมบายแอพลิเคชัน (FTA Choice)', '500000.00', '0.00', ''),
(61, 17, 'โครงการจ้างเหมาบริการบำรุงรักษาระบบบริหารทรัพยากรองค์กร', '1000000.00', '0.00', ''),
(62, 17, 'โครงการจ้างเหมาบริการบำรุงรักษาระบบติดตามผลการเจรจาการค้าระหว่างประเทศ', '500000.00', '0.00', ''),
(63, 17, 'โครงการปรับปรุงระบบสายสัญญานเครือข่าย ระบบไฟฟ้า และระบบโทรศัพท์ พร้อมอุปกรณ์', '2791000.00', '0.00', ''),
(78, 16, 'โครงการจ้างที่ปรึกษาด้านเทคโนโลยีและการสื่อสาร', '630000.00', '0.00', '');

-- --------------------------------------------------------

--
-- Table structure for table `budget_items`
--

CREATE TABLE `budget_items` (
  `id` int NOT NULL,
  `item_name` varchar(100) COLLATE utf8mb4_general_ci NOT NULL,
  `requested_amount` decimal(12,2) NOT NULL,
  `fiscal_year` int NOT NULL,
  `status` enum('active','cancelled') COLLATE utf8mb4_general_ci DEFAULT 'active'
) ENGINE=InnoDB DEFAULT CHARSET=utf8mb4 COLLATE=utf8mb4_general_ci;

--
-- Dumping data for table `budget_items`
--

INSERT INTO `budget_items` (`id`, `item_name`, `requested_amount`, `fiscal_year`, `status`) VALUES
(10, 'งบลงทุน', '0.00', 2568, 'active'),
(11, 'งบดำเนินงาน', '0.00', 2568, 'active'),
(12, 'งบรายจ่ายอื่น', '0.00', 2568, 'cancelled'),
(13, 'งบบูรณาการ', '0.00', 2568, 'active'),
(14, 'งบลงทุน', '0.00', 2569, 'active'),
(15, 'งบบูรณาการ', '0.00', 2569, 'active'),
(16, 'งบรายจ่ายอื่น', '0.00', 2569, 'active'),
(17, 'งบดำเนินงาน', '0.00', 2569, 'active');

-- --------------------------------------------------------

--
-- Table structure for table `contracts`
--

CREATE TABLE `contracts` (
  `contract_id` int NOT NULL,
  `detail_item_id` int NOT NULL,
  `contract_number` varchar(50) COLLATE utf8mb4_general_ci DEFAULT NULL,
  `contractor_name` varchar(255) COLLATE utf8mb4_general_ci DEFAULT NULL,
  `contract_date` date DEFAULT NULL,
  `contract_ends` date DEFAULT NULL
) ENGINE=InnoDB DEFAULT CHARSET=utf8mb4 COLLATE=utf8mb4_general_ci;

--
-- Dumping data for table `contracts`
--

INSERT INTO `contracts` (`contract_id`, `detail_item_id`, `contract_number`, `contractor_name`, `contract_date`, `contract_ends`) VALUES
(11, 25, '3/2568', 'บริษัท นิปด้า จำกัด', '2025-03-28', '2025-07-06'),
(12, 26, '15/2568', 'บริษัท เทคโนโลยี อินฟราสตรัคเจอร์ จำกัด', '2025-09-17', '2025-11-16'),
(13, 27, '4/2568', 'บริษัท เฟิร์สบิซโซลูชั่น จำกัด', '2025-03-28', '2026-01-22'),
(14, 28, '2/2569', 'บริษัท เฟิรส์วัน ซิสเต็มส์ จำกัด', '2025-10-21', '2025-02-18'),
(15, 30, '1/2569', 'บริษัท เฟิร์สบิซโซลูชั่น จำกัด', '2025-10-14', '2026-06-14'),
(16, 31, '10/2568', 'บริษัท สี่จุดศูนย์ จำกัด', '2025-07-15', NULL),
(17, 32, '93/2568', 'บริษัท ซอฟท์ซวีท จำกัด', '2025-02-17', '2026-02-17'),
(18, 33, '7/2568', 'บริษัท ซอฟท์ซวีท จำกัด', '2025-05-27', '2026-01-26'),
(19, 34, '5/2568', 'บริษัท โอเพ่น เทคโนโลยี่ จำกัด (มหาชน)', '2025-04-22', '2025-12-22'),
(20, 37, '28/2568', 'บมจ. อินเตอร์ลิงค์ เทเลคอม', '2025-09-18', '2025-11-15'),
(21, 38, '11/2568', 'บริษัท เวสเทิร์น กรุ๊ป (ประเทศไทย) จำกัด', '2025-07-19', '2026-04-30'),
(22, 35, '46/2568', 'บริษัท อินเตอร์ลิ้งค์ เทเลคอม จำกัด (มหาชน)', '2025-09-09', '2025-10-10'),
(23, 36, '26/2568', 'บริษัท วันทูออล จำกัด', '2025-06-13', '2025-08-13'),
(31, 64, '1/2570', 'บริษัท ทดสอบ จำกัด', '2027-01-01', NULL),
(32, 67, '11', '111', '2026-01-15', NULL),
(33, 68, '1/2570', 'บริษัท ทดสอบ', '2026-01-01', NULL),
(35, 85, '3/2570', 'บริษัท ทดสอบ', '2025-03-28', '2025-07-06'),
(36, 59, '89/2569', 'บริษัท ซอฟท์ซวีท จำกัด', '2026-02-18', '2026-10-18'),
(37, 55, '5/2569', 'บริษัท โพรเมซส์ จำกัด', '2026-02-16', '2026-12-13');

-- --------------------------------------------------------

--
-- Table structure for table `issues`
--

CREATE TABLE `issues` (
  `issue_id` int NOT NULL,
  `id_detail` int NOT NULL,
  `issue_date` date DEFAULT NULL,
  `description` text COLLATE utf8mb4_general_ci NOT NULL,
  `solution` text COLLATE utf8mb4_general_ci,
  `status` enum('ยังไม่แก้ไข','กำลังแก้ไข','แก้ไขแล้ว') COLLATE utf8mb4_general_ci DEFAULT 'ยังไม่แก้ไข',
  `resolved_date` date DEFAULT NULL
) ENGINE=InnoDB DEFAULT CHARSET=utf8mb4 COLLATE=utf8mb4_general_ci;

-- --------------------------------------------------------

--
-- Table structure for table `phases`
--

CREATE TABLE `phases` (
  `phase_id` int NOT NULL,
  `contract_detail_id` int NOT NULL,
  `phase_number` int NOT NULL,
  `phase_name` text COLLATE utf8mb4_general_ci,
  `amount` decimal(12,2) NOT NULL,
  `due_date` date DEFAULT NULL,
  `completion_date` date DEFAULT NULL,
  `status` enum('รอดำเนินการ','อยู่ระหว่างดำเนินการ','เสร็จสิ้น','ยกเลิก') COLLATE utf8mb4_general_ci DEFAULT 'รอดำเนินการ',
  `payment_date` date DEFAULT NULL,
  `overlap_type` varchar(50) COLLATE utf8mb4_general_ci DEFAULT 'ไม่กันเหลื่อม'
) ENGINE=InnoDB DEFAULT CHARSET=utf8mb4 COLLATE=utf8mb4_general_ci;

--
-- Dumping data for table `phases`
--

INSERT INTO `phases` (`phase_id`, `contract_detail_id`, `phase_number`, `phase_name`, `amount`, `due_date`, `completion_date`, `status`, `payment_date`, `overlap_type`) VALUES
(32, 11, 1, '', '4329969.00', '2025-03-28', '2025-07-06', 'เสร็จสิ้น', '2025-08-20', 'ไม่กันเหลื่อม'),
(33, 12, 1, '', '882536.00', '2025-09-18', '2025-11-16', 'เสร็จสิ้น', '2025-11-11', 'ไม่กันเหลื่อม'),
(34, 13, 1, '', '1123500.00', '2025-03-29', '2025-05-27', 'เสร็จสิ้น', '2025-06-15', 'ไม่กันเหลื่อม'),
(35, 13, 2, '', '3370500.00', '2025-05-28', '2025-07-26', 'เสร็จสิ้น', '2025-08-15', 'ไม่กันเหลื่อม'),
(36, 13, 3, '', '4494000.00', '2025-07-27', '2025-11-23', 'เสร็จสิ้น', '2025-12-15', 'ไม่กันเหลื่อม'),
(37, 13, 4, 'อยู่ระหว่างพิจารณาตรวจรับงาน', '2247000.00', '2025-11-24', '2026-01-22', 'อยู่ระหว่างดำเนินการ', '2026-01-30', 'ไม่กันเหลื่อม'),
(38, 14, 1, '1. ประชุม ตรวจรับ ครั้งที่ 1 เมื่อ 23/12/2568\r\n2. มีหนังสือแจ้งบริษัท 26/12/2568\r\n- อยู่ระหว่างพิจารณาตรวจรับงานงวดที่ 1   (ให้บริษัทแก้ไขรายงาน)', '1376000.00', '2025-10-22', '2025-12-23', 'เสร็จสิ้น', '2026-01-03', 'ไม่กันเหลื่อม'),
(39, 14, 2, '1. ส่งมอบงาน งวดที่ 2 เมื่อ 18 กุมภาพันธ์ 2569 \r\n2. ประชุมตรวจรับ งวดที่ 1 23 กุมภาพันธ์ 2569\r\n3. มีหนังสือแจ้งบริษัท 25 กุมภาพันธ์ 2569 \r\n4. บริษัทส่งมอบ ฉบับแก้ไข 20 มีนาคม 2569 \r\n5. ประชุมตรวจรับ งวดที่ 2 ครั้งที่ 2 25 มีนาคม 2569 มีมติรับงาน บริษัทฯ ได้ดำเนินการครบถ้วน ตามขอบเขตงานที่กำหนดในสัญญา ปรับปรุงแก้ไขรายงานตามข้อเสนอแนะของคณะกรรมการฯ และจัดทำรูปเล่มรายงานส่งมอบงานโดยมีรายละเอียดถูกต้อง ครบถ้วน สมบูรณ์ แล้ว จึงมีมติเอกฉันท์ ตรวจรับงาน งวดที่ 2 ได้', '5504000.00', '2025-12-24', '2026-02-18', 'เสร็จสิ้น', '2026-02-28', 'กันเหลื่อม'),
(40, 15, 1, '- อยู่ระหว่างตรวจรับงานงวดที่ 1 (ให้บริษัทแก้ไขรายงาน)\r\n- ล่าช้าเพราะมีการยกเลิกการจ้าง 2 ครั้ง เนื่องจากไม่มีผู้ผ่านคุณสมบัติ และ คกก. มีมติปรับปรุง tor ให้เปิดกว้างมากขึ้น', '133750.00', '2025-10-15', '2025-12-14', 'รอดำเนินการ', '2025-12-30', 'ไม่กันเหลื่อม'),
(41, 15, 2, '', '133750.00', '2025-12-15', '2026-02-14', 'รอดำเนินการ', '2026-02-27', 'ไม่กันเหลื่อม'),
(42, 15, 3, '', '133750.00', '2026-02-15', '2026-04-14', 'รอดำเนินการ', '2026-04-30', 'ไม่กันเหลื่อม'),
(43, 15, 4, '', '133750.00', '2026-04-15', '2026-06-14', 'รอดำเนินการ', '2026-06-30', 'ไม่กันเหลื่อม'),
(44, 16, 1, '', '75555.56', '2025-07-16', '2025-08-15', 'เสร็จสิ้น', '2025-08-25', 'ไม่กันเหลื่อม'),
(45, 16, 2, '', '75555.56', '2025-08-16', '2025-09-15', 'เสร็จสิ้น', '2025-09-27', 'ไม่กันเหลื่อม'),
(46, 16, 3, '', '75555.56', '2025-09-16', '2025-10-15', 'เสร็จสิ้น', '2025-10-25', 'ไม่กันเหลื่อม'),
(47, 16, 4, '', '75555.56', '2025-10-16', '2025-11-15', 'เสร็จสิ้น', '2025-11-25', 'ไม่กันเหลื่อม'),
(48, 16, 5, '', '75555.56', '2025-11-16', '2025-12-15', 'เสร็จสิ้น', '2025-12-26', 'ไม่กันเหลื่อม'),
(49, 16, 6, '', '75555.55', '2025-12-16', '2026-01-15', 'เสร็จสิ้น', '2026-01-25', 'ไม่กันเหลื่อม'),
(50, 16, 7, '', '75555.55', '2026-01-16', '2026-02-16', 'เสร็จสิ้น', '2026-02-27', 'ไม่กันเหลื่อม'),
(51, 16, 8, '', '75555.55', '2026-02-16', '2026-03-15', 'เสร็จสิ้น', '2026-04-27', 'กันเหลื่อม'),
(52, 16, 9, '', '75555.55', '2026-03-16', '2026-04-15', 'เสร็จสิ้น', '2026-04-20', 'กันเหลื่อม'),
(53, 17, 1, '', '97500.00', '2025-02-18', '2025-05-15', 'เสร็จสิ้น', '2025-08-13', 'ไม่กันเหลื่อม'),
(54, 17, 2, '', '97500.00', '2025-05-16', '2025-08-14', 'เสร็จสิ้น', '2025-09-25', 'ไม่กันเหลื่อม'),
(55, 17, 3, '', '97500.00', '2025-08-15', '2025-12-12', 'เสร็จสิ้น', '2026-01-14', 'ไม่กันเหลื่อม'),
(56, 17, 4, '', '97500.00', '2025-11-13', '2026-02-17', 'รอดำเนินการ', '2026-02-27', 'กันเหลื่อม'),
(57, 18, 1, '', '237500.00', '2025-05-28', '2025-07-27', 'เสร็จสิ้น', '2025-08-15', 'ไม่กันเหลื่อม'),
(58, 18, 2, '', '237500.00', '2025-07-28', '2025-09-27', 'เสร็จสิ้น', '2025-10-15', 'ไม่กันเหลื่อม'),
(59, 18, 3, '', '237500.00', '2025-09-28', '2025-11-27', 'เสร็จสิ้น', '2025-12-15', 'ไม่กันเหลื่อม'),
(60, 18, 4, '', '237500.00', '2025-12-28', '2026-01-26', 'รอดำเนินการ', '2026-02-15', 'ไม่กันเหลื่อม'),
(61, 19, 1, '', '86700.00', '2025-04-23', '2025-05-22', 'เสร็จสิ้น', '2025-06-15', 'ไม่กันเหลื่อม'),
(62, 19, 2, '', '86700.00', '2025-05-23', '2025-06-22', 'เสร็จสิ้น', '2025-07-16', 'ไม่กันเหลื่อม'),
(63, 19, 3, '', '86700.00', '2025-06-23', '2025-07-22', 'เสร็จสิ้น', '2025-08-15', 'ไม่กันเหลื่อม'),
(64, 19, 4, '', '86700.00', '2025-07-23', '2025-08-22', 'เสร็จสิ้น', '2025-09-15', 'ไม่กันเหลื่อม'),
(65, 19, 5, '', '86700.00', '2025-08-23', '2025-09-22', 'เสร็จสิ้น', '2025-10-15', 'ไม่กันเหลื่อม'),
(66, 19, 6, '', '86700.00', '2025-09-23', '2025-10-22', 'เสร็จสิ้น', '2025-11-15', 'ไม่กันเหลื่อม'),
(67, 19, 7, '', '86700.00', '2025-10-23', '2025-11-22', 'เสร็จสิ้น', '2025-12-15', 'ไม่กันเหลื่อม'),
(68, 19, 8, '', '86700.00', '2025-11-23', '2025-12-22', 'เสร็จสิ้น', '2026-01-15', 'ไม่กันเหลื่อม'),
(69, 20, 1, '', '155000.00', '2025-09-19', '2025-11-15', 'เสร็จสิ้น', '2025-11-30', 'ไม่กันเหลื่อม'),
(70, 21, 1, '- ส่งมอบงานงวดที่ 1 แล้ว อยู่ระหว่างพิจารณาตรวจรับรายงานแก้ไขรายงาน ครั้งที่2', '204000.00', '2025-07-19', '2025-10-15', 'รอดำเนินการ', '2025-10-30', 'ไม่กันเหลื่อม'),
(71, 21, 2, '', '204000.00', '2025-10-16', '2026-01-13', 'รอดำเนินการ', '2026-01-30', 'ไม่กันเหลื่อม'),
(72, 21, 3, '', '204000.00', '2026-01-14', '2026-04-13', 'รอดำเนินการ', '2026-04-30', 'ไม่กันเหลื่อม'),
(74, 22, 1, '', '289500.00', '2025-09-10', '2025-10-10', 'เสร็จสิ้น', '2025-10-20', 'ไม่กันเหลื่อม'),
(75, 23, 1, '', '102591.60', '2025-06-14', '2025-08-13', 'เสร็จสิ้น', '2025-08-13', 'ไม่กันเหลื่อม'),
(76, 33, 1, 'ทดสอบ', '100.00', '2027-01-01', '2027-02-01', 'รอดำเนินการ', '2027-03-15', 'ไม่กันเหลื่อม'),
(77, 37, 1, '', '1258363.60', '2026-02-17', '2026-06-16', 'รอดำเนินการ', NULL, 'กันเหลื่อม'),
(78, 37, 2, '', '1677818.40', '2026-06-17', '2026-09-13', 'รอดำเนินการ', NULL, 'กันเหลื่อม'),
(79, 37, 3, '', '1258363.80', NULL, '2026-12-12', 'รอดำเนินการ', NULL, 'กันเหลื่อม');

-- --------------------------------------------------------

--
-- Table structure for table `project_steps`
--

CREATE TABLE `project_steps` (
  `id` int NOT NULL,
  `id_budget_detail` int NOT NULL,
  `step_order` int NOT NULL,
  `step_name` varchar(100) COLLATE utf8mb4_general_ci NOT NULL,
  `step_description` text COLLATE utf8mb4_general_ci NOT NULL,
  `step_date` date DEFAULT NULL,
  `sub_steps` text COLLATE utf8mb4_general_ci,
  `is_completed` tinyint(1) DEFAULT '0',
  `document_path` varchar(255) COLLATE utf8mb4_general_ci DEFAULT NULL,
  `created_at` timestamp NOT NULL DEFAULT CURRENT_TIMESTAMP
) ENGINE=InnoDB DEFAULT CHARSET=utf8mb4 COLLATE=utf8mb4_general_ci;

--
-- Dumping data for table `project_steps`
--

INSERT INTO `project_steps` (`id`, `id_budget_detail`, `step_order`, `step_name`, `step_description`, `step_date`, `sub_steps`, `is_completed`, `document_path`, `created_at`) VALUES
(17, 25, 1, 'ขออนุมัติโครงการ', '', '2024-08-16', '', 1, '', '2025-11-19 20:06:12'),
(18, 25, 2, 'แต่งตั้ง คกก.+ร่าง TOR+ราคากลาง', '', '2024-08-27', '', 1, '', '2025-11-19 20:07:34'),
(19, 25, 3, 'รายงานขออนุมัติร่าง TOR', '', '2024-10-11', '', 1, '', '2025-11-19 20:09:56'),
(20, 25, 4, 'รายงานขอซื้อขอจ้าง + แต่งตั้งคกก จจ/ตร', '', '2024-11-01', '', 1, '', '2025-11-19 20:12:44'),
(21, 25, 5, 'ขึ้นประชาพิจารณ์', '', '2024-12-01', '', 1, '', '2025-11-19 20:14:07'),
(22, 25, 6, 'ขึ้นประกาศ e-bidding', '', '2025-01-01', '', 1, '', '2025-11-19 20:14:38'),
(23, 25, 7, 'ยื่นข้อเสนอและข้อเสนอราคา + คกก. พิจารณา', '', '2025-02-01', '', 1, '', '2025-11-19 20:15:27'),
(24, 25, 8, 'ขึ้นประกาศผู้ชนะ (รวมให้อุทธรณ์แล้ว)', '', '2025-03-15', '', 1, '', '2025-11-19 20:16:00'),
(25, 25, 9, 'ทำหนังสือเชิญทำสัญญา และทำสัญญาหลังจากได้รับหนังสือ', '', '2025-03-28', '', 1, '', '2025-11-19 20:17:03'),
(82, 57, 1, 'ขออนุมัติโครงการ', '-ขออนุมัติดำเนินโครงการ (21 ม.ค. 2569) (อนุมัติ 30 ม.ค. 2569)', '2026-01-21', '', 0, '', '2025-12-08 01:10:58'),
(89, 53, 1, 'ขออนุมัติโครงการ', '- ขออนุมัติโครงการครั้งที่ 1 เมื่อ 5 สค 68\r\n- ขออนุมัติโครงการครั้งที่ 2 เมื่อ', '2025-08-05', '', 1, NULL, '2025-12-12 03:15:43'),
(90, 53, 2, 'แต่งตั้ง คกก.+ร่าง TOR+ราคากลาง', '', '2025-08-22', '', 0, NULL, '2025-12-12 03:15:43'),
(91, 53, 3, 'รายงานขออนุมัติร่าง TOR', '-ขอความเห็นชอบร่าง TOR 06/10/2568\r\n-ท่านรองมีข้อสังเกตุเรื่องน้ำหนักคอม 24/10/2568', '2025-10-06', '', 0, NULL, '2025-12-12 03:15:43'),
(92, 53, 4, 'รายงานขอซื้อขอจ้าง + แต่งตั้งคกก จจ/ตร', '', '2025-11-07', '', 0, NULL, '2025-12-12 03:15:43'),
(93, 53, 5, 'ขึ้นประชาพิจารณ์', '-พัสดุ มีข้อสังเกตุเรื่องราคากลาง ICT ไม่เป็นตามราคาที่เพิ่งประกาศ 01/12/2568\r\n-คกก มีมติปรับแก้TOR ให้สอดคล้องกับราคากลาง ICT ใหม่  28/01/2569\r\n-ศจ. เสนอยกเลิกโครงการ/โอนเปลี่ยนชื่อรายการและราคา 11/02/2569', '2025-11-13', '', 0, NULL, '2025-12-12 03:15:43'),
(94, 53, 6, 'ขึ้นประกาศ e-bidding', '', '2026-02-02', '', 0, '', '2025-12-12 03:15:43'),
(95, 53, 7, 'ยื่นข้อเสนอและข้อเสนอราคา + คกก. พิจารณา', '', NULL, '', 0, NULL, '2025-12-12 03:15:43'),
(96, 53, 8, 'ขึ้นประกาศผู้ชนะ (รวมให้อุทธรณ์แล้ว)', '', NULL, '', 0, NULL, '2025-12-12 03:15:43'),
(97, 53, 9, 'ทำหนังสือเชิญทำสัญญา และทำสัญญาหลังจากได้รับหนังสือ', '', NULL, '', 0, NULL, '2025-12-12 03:15:43'),
(98, 54, 1, 'ขออนุมัติโครงการ', '', '2025-07-18', '', 1, NULL, '2025-12-12 03:16:25'),
(99, 54, 2, 'แต่งตั้ง คกก.+ร่าง TOR+ราคากลาง', '', '2025-08-08', '', 1, NULL, '2025-12-12 03:16:25'),
(100, 54, 3, 'รายงานขออนุมัติร่าง TOR', '', '2025-08-22', '', 1, NULL, '2025-12-12 03:16:25'),
(101, 54, 4, 'รายงานขอซื้อขอจ้าง + แต่งตั้งคกก จจ/ตร', '', '2025-11-07', '', 1, NULL, '2025-12-12 03:16:25'),
(102, 54, 5, 'ขึ้นประชาพิจารณ์', 'บริษัท เทคโนโลยี อินฟราสตรัคเจอร์ จำกัด (มหาชน)  ประชาวิจารณ์ 29/12/68\r\n- เสนอรายงานตอบข้อวิจารณ์แล้ว    (อธ. ลงนาม 7 ม.ค.69)\r\n- ออกหนังสือแจ้งบริษัท (8 ม.ค.69)\r\n- อยู่ระหว่างพัสดุขออนุมัติขึ้นประชาพิจารณ์ รอบ2', '2026-01-30', '', 1, '', '2025-12-12 03:16:25'),
(103, 54, 6, 'ขึ้นประกาศ e-bidding', '- ขึ้นประกาศยื่นข้อเสนอ 9 ก.พ. 69\r\n- กำหนดยื่นข้อเสนอ 2 มี.ค. 69', '2026-02-09', '', 1, NULL, '2025-12-12 03:16:25'),
(104, 54, 7, 'ยื่นข้อเสนอและข้อเสนอราคา + คกก. พิจารณา', '- ยื่นเสนอ 2 ราย\r\n- คกก.พิจารณาแล้ว มีมติให้ บริษัท เฟิรส์วัน ซิสเต็มส์ จำกัด เป็นผู้ชนะ\r\n- เสนอรายงานพิจารณาผล 19 มี.ค. 69\r\n- กรมอนุมัติรายงานผลการซื้อ 2 เม.ย. 69', '2026-03-02', '', 1, NULL, '2025-12-12 03:16:25'),
(105, 54, 8, 'ขึ้นประกาศผู้ชนะ (รวมให้อุทธรณ์แล้ว)', '', NULL, '', 0, NULL, '2025-12-12 03:16:25'),
(106, 54, 9, 'ทำหนังสือเชิญทำสัญญา และทำสัญญาหลังจากได้รับหนังสือ', '', NULL, '', 0, NULL, '2025-12-12 03:16:25'),
(107, 55, 1, 'ขออนุมัติโครงการ', '', '2025-07-27', '', 1, NULL, '2025-12-12 03:16:56'),
(108, 55, 2, 'แต่งตั้ง คกก.+ร่าง TOR+ราคากลาง', '', '2025-08-28', '', 1, NULL, '2025-12-12 03:16:56'),
(109, 55, 3, 'รายงานขออนุมัติร่าง TOR', '', '2025-11-14', '', 1, NULL, '2025-12-12 03:16:56'),
(110, 55, 4, 'รายงานขอซื้อขอจ้าง + แต่งตั้งคกก จจ/ตร', '', '2025-11-14', '', 1, NULL, '2025-12-12 03:16:56'),
(111, 55, 5, 'ขึ้นประชาพิจารณ์', '', '2025-12-17', '', 1, NULL, '2025-12-12 03:16:56'),
(112, 55, 6, 'ขึ้นประกาศ e-bidding', '', '2025-12-15', '', 1, NULL, '2025-12-12 03:16:56'),
(113, 55, 7, 'ยื่นข้อเสนอและข้อเสนอราคา + คกก. พิจารณา', '', '2026-01-08', '', 1, NULL, '2025-12-12 03:16:56'),
(114, 55, 8, 'ขึ้นประกาศผู้ชนะ (รวมให้อุทธรณ์แล้ว)', 'วันที่แผยแพร่บนเว็บไซต์ 22/01/2569', '2026-02-06', '', 1, '', '2025-12-12 03:16:56'),
(115, 55, 9, 'ทำหนังสือเชิญทำสัญญา และทำสัญญาหลังจากได้รับหนังสือ', 'พัสดุทำหน้งสือเชิญ (รอลงนาม) อยู่หน้าห้องท่านรองลูกเกด ณ วันที่ 4 ก.พ. 69\r\nเซ็นสัญญาแล้ว สัญญาเลขที่ 5/2569 ลงวันที่ 16 กพ. 69 (17 กพ. 69 – 13 ธค. 69)\r\nบ.โพรเมซส์ จำกัด', '2026-02-16', '', 1, NULL, '2025-12-12 03:16:56'),
(116, 56, 1, 'ขออนุมัติโครงการ', '** ชะลอการดำเนินงาน ตามมติคณะรัฐมนตรี เมื่อวันที่ 26 สิงหาคม 2568 **\r\n- เชิญบริษัทยื่นข้อเสนอแล้ว \r\n- กรมลงนามอนุมัติจัดซื้อแล้ว คาดว่าเซ็นสัญญาได้ภายใน ม.ค. 68)	\r\n- ชะลอการดำเนินงาน ตามมติคณะรัฐมนตรี เมื่อวันที่ 26 สิงหาคม 2568 \r\n- คณะรัฐมนตรีมีมติเห็นชอบตามที่กระทรวงดิจิทัลเพื่อเศรษฐกิจและสังคม เสนอ เมื่อวันที่ 11 พฤศจิกายน 2568 เรื่อง การขอยกเว้นการปฏิบัติตามมติคณะรัฐมนตรี เมื่อวันที่ 26 สิงหาคม 2568', '2026-01-30', '', 1, '', '2025-12-15 18:43:19'),
(117, 56, 2, 'แต่งตั้ง คกก.+ร่าง TOR+ราคากลาง', '', '2025-09-24', '', 1, NULL, '2025-12-15 18:43:19'),
(118, 56, 3, 'รายงานขออนุมัติร่าง TOR', '(ชะลอตามมติ ครม.)', '2025-09-24', '', 1, NULL, '2025-12-15 18:43:19'),
(119, 56, 4, 'รายงานขอซื้อขอจ้าง + แต่งตั้งคกก จจ/ตร', '', '2025-11-17', '', 1, NULL, '2025-12-15 18:43:19'),
(120, 56, 5, 'ขึ้นประชาพิจารณ์', 'ไม่ขึ้นประชาพิจารณ์', NULL, '', 1, NULL, '2025-12-15 18:43:19'),
(121, 56, 6, 'ขึ้นประกาศ e-bidding', 'วิธีเฉพาะเจาะจง', NULL, '', 1, NULL, '2025-12-15 18:43:19'),
(122, 56, 7, 'ยื่นข้อเสนอและข้อเสนอราคา + คกก. พิจารณา', '', '2026-01-09', '', 1, NULL, '2025-12-15 18:43:19'),
(123, 56, 8, 'ขึ้นประกาศผู้ชนะ (รวมให้อุทธรณ์แล้ว)', '', '2026-01-09', '', 1, NULL, '2025-12-15 18:43:19'),
(124, 56, 9, 'ทำหนังสือเชิญทำสัญญา และทำสัญญาหลังจากได้รับหนังสือ', '', '2026-01-22', '', 1, NULL, '2025-12-15 18:43:19'),
(125, 26, 1, 'ขออนุมัติโครงการ', '', '2569-01-05', '', 1, '', '2025-12-15 18:44:34'),
(126, 26, 2, 'แต่งตั้ง คกก.+ร่าง TOR+ราคากลาง', '', '2024-12-17', '', 1, NULL, '2025-12-15 18:44:34'),
(127, 26, 3, 'รายงานขออนุมัติร่าง TOR', '', '2025-02-13', '', 1, NULL, '2025-12-15 18:44:34'),
(128, 26, 4, 'รายงานขอซื้อขอจ้าง + แต่งตั้งคกก จจ/ตร', '', '2025-03-13', '', 1, NULL, '2025-12-15 18:44:34'),
(129, 26, 5, 'ขึ้นประชาพิจารณ์', '', '2025-04-01', '', 1, NULL, '2025-12-15 18:44:34'),
(130, 26, 6, 'ขึ้นประกาศ e-bidding', '', '2025-05-08', '', 1, NULL, '2025-12-15 18:44:34'),
(131, 26, 7, 'ยื่นข้อเสนอและข้อเสนอราคา + คกก. พิจารณา', '', '2025-07-18', '', 1, NULL, '2025-12-15 18:44:34'),
(132, 26, 8, 'ขึ้นประกาศผู้ชนะ (รวมให้อุทธรณ์แล้ว)', '', '2025-08-01', '', 1, NULL, '2025-12-15 18:44:34'),
(133, 26, 9, 'ทำหนังสือเชิญทำสัญญา และทำสัญญาหลังจากได้รับหนังสือ', '', '2025-08-14', '', 1, NULL, '2025-12-15 18:44:34'),
(134, 27, 1, 'ขออนุมัติโครงการ', '', '2024-12-26', '', 1, NULL, '2025-12-15 18:45:13'),
(135, 27, 2, 'แต่งตั้ง คกก.+ร่าง TOR+ราคากลาง', '', '2024-10-25', '', 1, NULL, '2025-12-15 18:45:13'),
(136, 27, 3, 'รายงานขออนุมัติร่าง TOR', '', '2024-12-18', '', 1, NULL, '2025-12-15 18:45:13'),
(137, 27, 4, 'รายงานขอซื้อขอจ้าง + แต่งตั้งคกก จจ/ตร', '', '2024-12-23', '', 1, NULL, '2025-12-15 18:45:13'),
(138, 27, 5, 'ขึ้นประชาพิจารณ์', '', '2024-12-24', '', 1, NULL, '2025-12-15 18:45:13'),
(139, 27, 6, 'ขึ้นประกาศ e-bidding', '', '2025-01-07', '', 1, NULL, '2025-12-15 18:45:13'),
(140, 27, 7, 'ยื่นข้อเสนอและข้อเสนอราคา + คกก. พิจารณา', '', '2025-01-16', '', 1, NULL, '2025-12-15 18:45:13'),
(141, 27, 8, 'ขึ้นประกาศผู้ชนะ (รวมให้อุทธรณ์แล้ว)', '', '2025-03-14', '', 1, NULL, '2025-12-15 18:45:13'),
(142, 27, 9, 'ทำหนังสือเชิญทำสัญญา และทำสัญญาหลังจากได้รับหนังสือ', '', '2025-03-28', '', 1, NULL, '2025-12-15 18:45:13'),
(143, 30, 1, 'ขออนุมัติโครงการ', '', '2024-08-30', '', 1, NULL, '2025-12-15 21:21:09'),
(144, 30, 2, 'แต่งตั้ง คกก.+ร่าง TOR+ราคากลาง', '', '2025-06-06', '', 1, NULL, '2025-12-15 21:21:09'),
(145, 30, 3, 'รายงานขออนุมัติร่าง TOR', '', '2025-07-08', '', 1, NULL, '2025-12-15 21:21:09'),
(146, 30, 4, 'รายงานขอซื้อขอจ้าง + แต่งตั้งคกก จจ/ตร', '', '2025-07-30', '', 1, NULL, '2025-12-15 21:21:09'),
(147, 30, 5, 'ขึ้นประชาพิจารณ์', '', '2025-08-01', '', 1, NULL, '2025-12-15 21:21:09'),
(148, 30, 6, 'ขึ้นประกาศ e-bidding', '', '2025-08-06', '', 1, NULL, '2025-12-15 21:21:09'),
(149, 30, 7, 'ยื่นข้อเสนอและข้อเสนอราคา + คกก. พิจารณา', '', '2025-08-25', '', 1, NULL, '2025-12-15 21:21:09'),
(150, 30, 8, 'ขึ้นประกาศผู้ชนะ (รวมให้อุทธรณ์แล้ว)', '', '2025-09-15', '', 1, NULL, '2025-12-15 21:21:09'),
(151, 30, 9, 'ทำหนังสือเชิญทำสัญญา และทำสัญญาหลังจากได้รับหนังสือ', '', '2025-10-14', '', 1, NULL, '2025-12-15 21:21:09'),
(152, 34, 1, 'ขออนุมัติโครงการ', '', '2568-12-16', '', 1, '', '2025-12-15 21:21:59'),
(153, 34, 2, 'แต่งตั้ง คกก.+ร่าง TOR+ราคากลาง', '', '2024-10-24', '', 1, NULL, '2025-12-15 21:21:59'),
(154, 34, 3, 'รายงานขออนุมัติร่าง TOR', '', '2024-11-21', '', 1, NULL, '2025-12-15 21:21:59'),
(155, 34, 4, 'รายงานขอซื้อขอจ้าง + แต่งตั้งคกก จจ/ตร', '', '2025-01-16', '', 1, NULL, '2025-12-15 21:21:59'),
(156, 34, 5, 'ขึ้นประชาพิจารณ์', '', '2025-01-16', '', 1, NULL, '2025-12-15 21:21:59'),
(157, 34, 6, 'ขึ้นประกาศ e-bidding', '', '2025-01-30', '', 1, NULL, '2025-12-15 21:21:59'),
(158, 34, 7, 'ยื่นข้อเสนอและข้อเสนอราคา + คกก. พิจารณา', '', '2025-02-13', '', 1, NULL, '2025-12-15 21:21:59'),
(159, 34, 8, 'ขึ้นประกาศผู้ชนะ (รวมให้อุทธรณ์แล้ว)', '', '2025-03-18', '', 1, NULL, '2025-12-15 21:21:59'),
(160, 34, 9, 'ทำหนังสือเชิญทำสัญญา และทำสัญญาหลังจากได้รับหนังสือ', '', '2025-04-08', '', 1, NULL, '2025-12-15 21:21:59'),
(161, 35, 1, 'ขออนุมัติโครงการ', '', '2025-12-16', '', 1, NULL, '2025-12-15 21:22:23'),
(162, 35, 2, 'แต่งตั้ง คกก.+ร่าง TOR+ราคากลาง', '', '2025-12-16', '', 1, NULL, '2025-12-15 21:22:23'),
(163, 35, 3, 'รายงานขออนุมัติร่าง TOR', '', '2025-12-16', '', 1, NULL, '2025-12-15 21:22:23'),
(164, 35, 4, 'รายงานขอซื้อขอจ้าง + แต่งตั้งคกก จจ/ตร', '', '2025-12-16', '', 1, NULL, '2025-12-15 21:22:23'),
(165, 35, 5, 'ขึ้นประชาพิจารณ์', '', '2025-12-16', '', 1, NULL, '2025-12-15 21:22:23'),
(166, 35, 6, 'ขึ้นประกาศ e-bidding', '', '2025-12-16', '', 1, NULL, '2025-12-15 21:22:23'),
(167, 35, 7, 'ยื่นข้อเสนอและข้อเสนอราคา + คกก. พิจารณา', '', '2025-12-16', '', 1, NULL, '2025-12-15 21:22:23'),
(168, 35, 8, 'ขึ้นประกาศผู้ชนะ (รวมให้อุทธรณ์แล้ว)', '', '2025-12-16', '', 1, NULL, '2025-12-15 21:22:23'),
(169, 35, 9, 'ทำหนังสือเชิญทำสัญญา และทำสัญญาหลังจากได้รับหนังสือ', '', '2025-12-16', '', 1, NULL, '2025-12-15 21:22:23'),
(170, 38, 1, 'ขออนุมัติโครงการ', '', '2025-12-16', '', 1, NULL, '2025-12-15 21:22:56'),
(171, 38, 2, 'แต่งตั้ง คกก.+ร่าง TOR+ราคากลาง', '', '2025-12-16', '', 1, NULL, '2025-12-15 21:22:56'),
(172, 38, 3, 'รายงานขออนุมัติร่าง TOR', '', '2025-12-16', '', 1, NULL, '2025-12-15 21:22:56'),
(173, 38, 4, 'รายงานขอซื้อขอจ้าง + แต่งตั้งคกก จจ/ตร', '', '2025-12-16', '', 1, NULL, '2025-12-15 21:22:56'),
(174, 38, 5, 'ขึ้นประชาพิจารณ์', '', '2025-12-16', '', 1, NULL, '2025-12-15 21:22:56'),
(175, 38, 6, 'ขึ้นประกาศ e-bidding', '', '2025-12-16', '', 1, NULL, '2025-12-15 21:22:56'),
(176, 38, 7, 'ยื่นข้อเสนอและข้อเสนอราคา + คกก. พิจารณา', '', '2025-12-16', '', 1, NULL, '2025-12-15 21:22:56'),
(177, 38, 8, 'ขึ้นประกาศผู้ชนะ (รวมให้อุทธรณ์แล้ว)', '', '2025-12-16', '', 1, NULL, '2025-12-15 21:22:56'),
(178, 38, 9, 'ทำหนังสือเชิญทำสัญญา และทำสัญญาหลังจากได้รับหนังสือ', '', '2025-12-16', '', 1, NULL, '2025-12-15 21:22:56'),
(179, 36, 1, 'ขออนุมัติโครงการ', '', '2025-12-16', '', 1, NULL, '2025-12-15 21:23:09'),
(180, 36, 2, 'แต่งตั้ง คกก.+ร่าง TOR+ราคากลาง', 'แต่งตั้ง คกก', '2025-12-16', '', 1, '', '2025-12-15 21:23:09'),
(181, 36, 3, 'รายงานขออนุมัติร่าง TOR', '', '2025-12-16', '', 1, NULL, '2025-12-15 21:23:09'),
(182, 36, 4, 'รายงานขอซื้อขอจ้าง + แต่งตั้งคกก จจ/ตร', '', '2025-12-16', '', 1, NULL, '2025-12-15 21:23:09'),
(183, 36, 5, 'ขึ้นประชาพิจารณ์', '', '2025-12-16', '', 1, NULL, '2025-12-15 21:23:09'),
(184, 36, 6, 'ขึ้นประกาศ e-bidding', '', '2025-12-16', '', 1, NULL, '2025-12-15 21:23:09'),
(185, 36, 7, 'ยื่นข้อเสนอและข้อเสนอราคา + คกก. พิจารณา', '', '2025-12-16', '', 0, NULL, '2025-12-15 21:23:09'),
(186, 36, 8, 'ขึ้นประกาศผู้ชนะ (รวมให้อุทธรณ์แล้ว)', '', '2025-12-16', '', 1, NULL, '2025-12-15 21:23:09'),
(187, 36, 9, 'ทำหนังสือเชิญทำสัญญา และทำสัญญาหลังจากได้รับหนังสือ', '', '2025-12-16', '', 1, NULL, '2025-12-15 21:23:09'),
(188, 37, 1, 'ขออนุมัติโครงการ', '', '2568-12-16', '', 1, '', '2025-12-15 21:44:13'),
(189, 37, 2, 'แต่งตั้ง คกก.+ร่าง TOR+ราคากลาง', '', '2568-12-16', '', 1, '', '2025-12-15 21:44:13'),
(190, 37, 3, 'รายงานขออนุมัติร่าง TOR', '', '2025-05-13', '', 1, NULL, '2025-12-15 21:44:13'),
(191, 37, 4, 'รายงานขอซื้อขอจ้าง + แต่งตั้งคกก จจ/ตร', '', '2025-05-13', '', 1, NULL, '2025-12-15 21:44:13'),
(192, 37, 5, 'ขึ้นประชาพิจารณ์', 'ใช้วิธีเฉพาะเจาะจง', NULL, '', 1, '', '2025-12-15 21:44:13'),
(193, 37, 6, 'ขึ้นประกาศ e-bidding', '', NULL, '', 1, NULL, '2025-12-15 21:44:13'),
(194, 37, 7, 'ยื่นข้อเสนอและข้อเสนอราคา + คกก. พิจารณา', '', '2025-05-13', '', 1, NULL, '2025-12-15 21:44:13'),
(195, 37, 8, 'ขึ้นประกาศผู้ชนะ (รวมให้อุทธรณ์แล้ว)', 'ใช้วิธีเฉพาะเจาจง', NULL, '', 1, '', '2025-12-15 21:44:13'),
(196, 37, 9, 'ทำหนังสือเชิญทำสัญญา และทำสัญญาหลังจากได้รับหนังสือ', '', '2025-09-18', '', 1, NULL, '2025-12-15 21:44:13'),
(197, 63, 1, 'ขออนุมัติโครงการ', '- ขอความเห็นชอบวงเงินค่าใช้จ่าย 21 พ.ย. 2568 (อนุมัติ 9 ธ.ค. 2568)\r\n- สก. ทำขออนุมัติโอนเปลี่ยนแปลงรายการงบประมาณ 15 ม.ค. 2569 (อนุมัติ 16 ม.ค. 2569)\r\n- ขออนุมัติดำเนินโครงการ 22 ม.ค. 2569 (อนุมัติ 27 ม.ค. 2569)', '2025-11-21', '', 1, '', '2025-12-15 21:47:17'),
(198, 63, 2, 'แต่งตั้ง คกก.+ร่าง TOR+ราคากลาง', '- ขออนุมัติแต่งตั้งคณะกรรมการร่าง TOR 2 ก.พ. 2569 \r\n- คำสั่งแต่งตั้ง คกก. 18 ก.พ. 2569', '2026-02-02', '', 1, NULL, '2025-12-15 21:47:17'),
(199, 63, 3, 'รายงานขออนุมัติร่าง TOR', '- ผ่านท่านรองขวัญนภา/เสนอท่านอธิบดี 03 เม.ย. 69\r\n- อนุมัติร่าง TOR 10 เม.ย. 69', '2569-04-01', '', 1, NULL, '2025-12-15 21:47:17'),
(200, 63, 4, 'รายงานขอซื้อขอจ้าง + แต่งตั้งคกก จจ/ตร', '', NULL, '', 0, NULL, '2025-12-15 21:47:17'),
(201, 63, 5, 'ขึ้นประชาพิจารณ์', '', NULL, '', 0, NULL, '2025-12-15 21:47:17'),
(202, 63, 6, 'ขึ้นประกาศ e-bidding', '', NULL, '', 0, NULL, '2025-12-15 21:47:17'),
(203, 63, 7, 'ยื่นข้อเสนอและข้อเสนอราคา + คกก. พิจารณา', '', NULL, '', 0, NULL, '2025-12-15 21:47:17'),
(204, 63, 8, 'ขึ้นประกาศผู้ชนะ (รวมให้อุทธรณ์แล้ว)', '', NULL, '', 0, NULL, '2025-12-15 21:47:17'),
(205, 63, 9, 'ทำหนังสือเชิญทำสัญญา และทำสัญญาหลังจากได้รับหนังสือ', '', NULL, '', 0, NULL, '2025-12-15 21:47:17'),
(206, 62, 1, 'ขออนุมัติโครงการ', '1.ท่านรองขวัญนภา ขอหารือกับบริษัท \r\n2.ท่านรองขวัญนภา ให้ออกเลขหนังสือใหม่ เมื่อวันที่ 31 มี.ค. 69', '2025-12-01', '', 1, NULL, '2025-12-15 21:47:25'),
(207, 62, 2, 'แต่งตั้ง คกก.+ร่าง TOR+ราคากลาง', '', NULL, '', 0, NULL, '2025-12-15 21:47:25'),
(208, 62, 3, 'รายงานขออนุมัติร่าง TOR', '', NULL, '', 0, NULL, '2025-12-15 21:47:25'),
(209, 62, 4, 'รายงานขอซื้อขอจ้าง + แต่งตั้งคกก จจ/ตร', '', NULL, '', 0, NULL, '2025-12-15 21:47:25'),
(210, 62, 5, 'ขึ้นประชาพิจารณ์', '', NULL, '', 0, NULL, '2025-12-15 21:47:25'),
(211, 62, 6, 'ขึ้นประกาศ e-bidding', '', NULL, '', 0, NULL, '2025-12-15 21:47:25'),
(212, 62, 7, 'ยื่นข้อเสนอและข้อเสนอราคา + คกก. พิจารณา', '', NULL, '', 0, NULL, '2025-12-15 21:47:25'),
(213, 62, 8, 'ขึ้นประกาศผู้ชนะ (รวมให้อุทธรณ์แล้ว)', '', NULL, '', 0, NULL, '2025-12-15 21:47:25'),
(214, 62, 9, 'ทำหนังสือเชิญทำสัญญา และทำสัญญาหลังจากได้รับหนังสือ', '', NULL, '', 0, NULL, '2025-12-15 21:47:25'),
(215, 61, 1, 'ขออนุมัติโครงการ', '', '2025-11-07', '', 1, NULL, '2025-12-15 21:47:32'),
(216, 61, 2, 'แต่งตั้ง คกก.+ร่าง TOR+ราคากลาง', '', '2026-01-05', '', 1, NULL, '2025-12-15 21:47:32'),
(217, 61, 3, 'รายงานขออนุมัติร่าง TOR', '', '2026-02-20', '', 1, NULL, '2025-12-15 21:47:32'),
(218, 61, 4, 'รายงานขอซื้อขอจ้าง + แต่งตั้งคกก จจ/ตร', '', '2026-02-10', '', 1, NULL, '2025-12-15 21:47:32'),
(219, 61, 5, 'ขึ้นประชาพิจารณ์', '', '2026-02-16', '', 1, NULL, '2025-12-15 21:47:32'),
(220, 61, 6, 'ขึ้นประกาศ e-bidding', '', '2026-02-20', '', 1, NULL, '2025-12-15 21:47:33'),
(221, 61, 7, 'ยื่นข้อเสนอและข้อเสนอราคา + คกก. พิจารณา', 'ยื่นเสนอ 4 ราย ผู้ชนะ บริษัท ซอฟท์ซวีท จำกัด เป็นเงิน 950,000 บาท (เก้าแสนห้าหมื่นบาทถ้วน)', '2026-03-05', '', 1, NULL, '2025-12-15 21:47:33'),
(222, 61, 8, 'ขึ้นประกาศผู้ชนะ (รวมให้อุทธรณ์แล้ว)', 'สิ้นสุด 30 มี.ค. 69', '2026-03-19', '', 1, NULL, '2025-12-15 21:47:33'),
(223, 61, 9, 'ทำหนังสือเชิญทำสัญญา และทำสัญญาหลังจากได้รับหนังสือ', 'สัญญาเลขที่ 12/2569 ลงวันที่ 3 เมษายน 2569 กับ บริษัท ซอฟท์ซวีท จำกัด ระยะเวลา 10 เดือน (4 เม.ย. 69 - 3 ก.พ. 70) จำนวนเงิน 950,000 บาท', '2026-04-03', '', 1, NULL, '2025-12-15 21:47:33'),
(224, 60, 1, 'ขออนุมัติโครงการ', '', '2025-11-13', '', 1, NULL, '2025-12-15 21:47:52'),
(225, 60, 2, 'แต่งตั้ง คกก.+ร่าง TOR+ราคากลาง', '', '2025-12-23', '', 1, NULL, '2025-12-15 21:47:52'),
(226, 60, 3, 'รายงานขออนุมัติร่าง TOR', 'หนังสือเลขที่ 0605/28 ลงวันที่ 27 มกราคม 2569 เรื่อง ขอความเห็นชอบร่างขอบเขตของงานและราคากลางโครงการฯ', '2026-01-27', '', 1, NULL, '2025-12-15 21:47:52'),
(227, 60, 4, 'รายงานขอซื้อขอจ้าง + แต่งตั้งคกก จจ/ตร', '', '2026-02-10', '', 1, NULL, '2025-12-15 21:47:52'),
(233, 58, 1, 'ขออนุมัติโครงการ', '', '2025-11-07', '', 1, '', '2025-12-15 21:47:58'),
(234, 58, 2, 'แต่งตั้ง คกก.+ร่าง TOR+ราคากลาง', '', '2025-11-12', '', 1, NULL, '2025-12-15 21:47:58'),
(235, 58, 3, 'รายงานขออนุมัติร่าง TOR', '', '2026-01-07', '', 1, NULL, '2025-12-15 21:47:58'),
(236, 58, 4, 'รายงานขอซื้อขอจ้าง + แต่งตั้งคกก จจ/ตร', '', '2025-12-24', '', 1, NULL, '2025-12-15 21:47:58'),
(237, 58, 5, 'ขึ้นประชาพิจารณ์', '', '2026-01-29', '', 1, NULL, '2025-12-15 21:47:58'),
(238, 58, 6, 'ขึ้นประกาศ e-bidding', '- เผยแพร่ 12/02/2569\r\n- กำหนดยื่นข้อเสนอ 27/02/2569', '2026-02-12', '', 1, NULL, '2025-12-15 21:47:58'),
(239, 58, 7, 'ยื่นข้อเสนอและข้อเสนอราคา + คกก. พิจารณา', 'ยื่น 4 ราย ผู้ชนะคือ บริษัท ดาต้าคอมเอเซีย จำกัด เป็นเงิน 1,000,000 บาท (หนึ่งล้านบาทถ้วน) กรมอนุมัติจ้าง เมื่อวันที่ 12 มีนาคม 2569', '2026-02-27', '', 1, NULL, '2025-12-15 21:47:58'),
(240, 58, 8, 'ขึ้นประกาศผู้ชนะ (รวมให้อุทธรณ์แล้ว)', 'สิ้นสุด 24 มี.ค.69', '2026-03-13', '', 0, NULL, '2025-12-15 21:47:58'),
(241, 58, 9, 'ทำหนังสือเชิญทำสัญญา และทำสัญญาหลังจากได้รับหนังสือ', '', NULL, '', 0, NULL, '2025-12-15 21:47:58'),
(242, 59, 1, 'ขออนุมัติโครงการ', '- หนังสือออกจาก ศจ. 7 พ.ย. 68 \r\n- รองขวัญนภาอนุมัติ 7 พ.ย. 68', '2025-11-07', '', 1, '', '2025-12-15 21:48:07'),
(243, 59, 2, 'แต่งตั้ง คกก.+ร่าง TOR+ราคากลาง', '- หนังสือออกจาก ศจ. 12 พ.ย. 68\r\n- รองขวัญนภาอนุมัติ 12 พ.ย. 68\r\n- คำสั่ง สั่ง ณ 12 พ.ย. 68 (ดำเนินการภายใน 45 วัน)', '2025-11-12', '', 1, '', '2025-12-15 21:48:07'),
(244, 59, 3, 'รายงานขออนุมัติร่าง TOR', '- หนังสือออกจาก ศจ. 17 ธ.ค. 68\r\n- รองขวัญนภาเห็นชอบ 23 ธ.ค. 68', '2025-12-17', '', 1, '', '2025-12-15 21:48:07'),
(245, 59, 4, 'รายงานขอซื้อขอจ้าง + แต่งตั้งคกก จจ/ตร', '- หนังสือออกจาก สก.พัสดุ 15 ม.ค. 69\r\n- อธิบดีอนุมัติ 15 ม.ค. 69', '2026-01-15', '', 1, '', '2025-12-15 21:48:07'),
(246, 59, 5, 'ขึ้นประชาพิจารณ์', 'วิธีเฉพาะเจาะจง', NULL, '', 1, NULL, '2025-12-15 21:48:07'),
(247, 59, 6, 'ขึ้นประกาศ e-bidding', 'วิธีเฉพาะเจาะจง', NULL, '', 1, NULL, '2025-12-15 21:48:07'),
(248, 59, 7, 'ยื่นข้อเสนอและข้อเสนอราคา + คกก. พิจารณา', 'ได้ผู้รับจ้างเป็นบริษัท ซอฟทซวีท จำกัด', '2026-02-09', '', 1, NULL, '2025-12-15 21:48:07'),
(249, 59, 8, 'ขึ้นประกาศผู้ชนะ (รวมให้อุทธรณ์แล้ว)', '', '2026-02-18', '', 1, NULL, '2025-12-15 21:48:07'),
(250, 59, 9, 'ทำหนังสือเชิญทำสัญญา และทำสัญญาหลังจากได้รับหนังสือ', 'ได้จัดทำใบสั่งจ้างเลขที่ 89/69 ลงวันที่ 18 กุมภาพันธ์ 2569', NULL, '', 1, NULL, '2025-12-15 21:48:07'),
(251, 31, 1, 'ขออนุมัติโครงการ', '', '2024-09-30', '', 1, NULL, '2025-12-15 21:49:16'),
(252, 31, 2, 'แต่งตั้ง คกก.+ร่าง TOR+ราคากลาง', '', '2024-10-25', '', 1, NULL, '2025-12-15 21:49:16'),
(253, 31, 3, 'รายงานขออนุมัติร่าง TOR', '', '2024-12-06', '', 1, NULL, '2025-12-15 21:49:16'),
(254, 31, 4, 'รายงานขอซื้อขอจ้าง + แต่งตั้งคกก จจ/ตร', '', '2024-12-24', '', 1, NULL, '2025-12-15 21:49:16'),
(255, 31, 5, 'ขึ้นประชาพิจารณ์', '', '2025-01-28', '', 1, NULL, '2025-12-15 21:49:16'),
(256, 31, 6, 'ขึ้นประกาศ e-bidding', '', '2025-04-21', '', 1, NULL, '2025-12-15 21:49:16'),
(257, 31, 7, 'ยื่นข้อเสนอและข้อเสนอราคา + คกก. พิจารณา', '', '2025-05-14', '', 1, NULL, '2025-12-15 21:49:16'),
(258, 31, 8, 'ขึ้นประกาศผู้ชนะ (รวมให้อุทธรณ์แล้ว)', '', '2025-06-09', '', 1, NULL, '2025-12-15 21:49:16'),
(259, 31, 9, 'ทำหนังสือเชิญทำสัญญา และทำสัญญาหลังจากได้รับหนังสือ', '', '2025-07-15', '', 1, NULL, '2025-12-15 21:49:16'),
(260, 32, 1, 'ขออนุมัติโครงการ', '- หนังสือออกจาก ศจ. 17 ก.ย. 67\r\n- อธิบดีอนุมัติ 30 ก.ย. 67', '2024-09-17', '', 1, '', '2025-12-15 21:49:20'),
(261, 32, 2, 'แต่งตั้ง คกก.+ร่าง TOR+ราคากลาง', '- หนังสือออกจาก ศจ. 15 ต.ค 67\r\n- อธิบดีอนุมัติ 25 ต.ค. 67\r\n- คำสั่ง สั่ง ณ 25 ต.ค. 67 (ดำเนินการภายใน 30 วันทำการ)', '2024-10-15', '', 1, '', '2025-12-15 21:49:20'),
(262, 32, 3, 'รายงานขออนุมัติร่าง TOR', '- หนังสือออกจาก ศจ. 9 ธ.ค. 67\r\n- อธิบดีเห็นชอบ 25 ธ.ค. 67', '2024-12-09', '', 1, '', '2025-12-15 21:49:20'),
(263, 32, 4, 'รายงานขอซื้อขอจ้าง + แต่งตั้งคกก จจ/ตร', '- หนังสือออกจาก สก.พัสดุ 27 ธ.ค. 67\r\n- อธิบดีอนุมัติ 9 ม.ค. 68', '2024-12-27', '', 1, '', '2025-12-15 21:49:20'),
(264, 32, 5, 'ขึ้นประชาพิจารณ์', '- ไม่ได้มีการประชาพิจารณ์ เป็นการจ้างโดยใช้วิธีเฉพาะเจาะจง', NULL, '', 1, '', '2025-12-15 21:49:20'),
(265, 32, 6, 'ขึ้นประกาศ e-bidding', '- ไม่ได้ขึ้นประกาศ e-bidding เป็นการจ้างโดยใช้วิธีเฉพาะเจาะจง', NULL, '', 1, '', '2025-12-15 21:49:20'),
(266, 32, 7, 'ยื่นข้อเสนอและข้อเสนอราคา + คกก. พิจารณา', '- ไม่ได้มีการยื่นข้อเสนอและข้อเสนอราคา เป็นการจ้างโดยใช้วิธีเฉพาะเจาะจง', NULL, '', 1, '', '2025-12-15 21:49:20'),
(267, 32, 8, 'ขึ้นประกาศผู้ชนะ (รวมให้อุทธรณ์แล้ว)', '- ประกาศผู้ชนะ 11 ก.พ. 68 (ไม่มีผู้อุทธรณ์)', '2025-02-11', '', 1, '', '2025-12-15 21:49:20'),
(268, 32, 9, 'ทำหนังสือเชิญทำสัญญา และทำสัญญาหลังจากได้รับหนังสือ', '- ใช้วิธีการโทรติดต่อบริษัทฯ มารับใบสั่งจ้าง 17 ก.พ. 68\r\n- ใบสั่งจ้างมีผล ระหว่าง 18 ก.พ. 68 - 17 ก.พ. 69', '2025-02-17', '', 1, '', '2025-12-15 21:49:20'),
(270, 28, 1, 'ขออนุมัติโครงการ', '', '2025-03-11', '', 1, NULL, '2025-12-16 01:24:01'),
(271, 28, 2, 'แต่งตั้ง คกก.+ร่าง TOR+ราคากลาง', '', '2025-03-28', '', 1, NULL, '2025-12-16 01:24:01'),
(272, 28, 3, 'รายงานขออนุมัติร่าง TOR', '', '2025-07-07', '', 1, NULL, '2025-12-16 01:24:01'),
(273, 28, 4, 'รายงานขอซื้อขอจ้าง + แต่งตั้งคกก จจ/ตร', '', '2025-07-14', '', 1, NULL, '2025-12-16 01:24:01'),
(274, 28, 5, 'ขึ้นประชาพิจารณ์', '', '2025-07-30', '', 1, NULL, '2025-12-16 01:24:01'),
(275, 28, 6, 'ขึ้นประกาศ e-bidding', '', '2025-08-07', '', 1, NULL, '2025-12-16 01:24:01'),
(276, 28, 7, 'ยื่นข้อเสนอและข้อเสนอราคา + คกก. พิจารณา', '', '2025-08-26', '', 1, NULL, '2025-12-16 01:24:01'),
(277, 28, 8, 'ขึ้นประกาศผู้ชนะ (รวมให้อุทธรณ์แล้ว)', '', '2025-09-12', '', 1, NULL, '2025-12-16 01:24:01'),
(278, 28, 9, 'ทำหนังสือเชิญทำสัญญา และทำสัญญาหลังจากได้รับหนังสือ', '', '2025-10-21', '', 1, NULL, '2025-12-16 01:24:01'),
(279, 33, 1, 'ขออนุมัติโครงการ', '', '2024-08-30', '', 1, NULL, '2025-12-16 02:04:18'),
(280, 33, 2, 'แต่งตั้ง คกก.+ร่าง TOR+ราคากลาง', '', '2024-10-25', '', 1, NULL, '2025-12-16 02:04:18'),
(281, 33, 3, 'รายงานขออนุมัติร่าง TOR', '', '2024-12-06', '', 1, NULL, '2025-12-16 02:04:18'),
(282, 33, 4, 'รายงานขอซื้อขอจ้าง + แต่งตั้งคกก จจ/ตร', '', '2025-03-03', '', 1, NULL, '2025-12-16 02:04:18'),
(283, 33, 5, 'ขึ้นประชาพิจารณ์', '', '2025-03-03', '', 1, NULL, '2025-12-16 02:04:18'),
(284, 33, 6, 'ขึ้นประกาศ e-bidding', '', '2025-03-03', '', 1, NULL, '2025-12-16 02:04:18'),
(285, 33, 7, 'ยื่นข้อเสนอและข้อเสนอราคา + คกก. พิจารณา', '', '2025-03-14', '', 1, NULL, '2025-12-16 02:04:18'),
(286, 33, 8, 'ขึ้นประกาศผู้ชนะ (รวมให้อุทธรณ์แล้ว)', '', '2025-04-08', '', 1, NULL, '2025-12-16 02:04:18'),
(287, 33, 9, 'ทำหนังสือเชิญทำสัญญา และทำสัญญาหลังจากได้รับหนังสือ', '', '2025-05-27', '', 1, NULL, '2025-12-16 02:04:18'),
(288, 64, 1, 'ขออนุมัติโครงการ', '', '2026-01-21', '', 1, NULL, '2026-01-21 11:38:04'),
(289, 64, 2, 'แต่งตั้ง คกก.+ร่าง TOR+ราคากลาง', '', '2026-01-21', '', 1, NULL, '2026-01-21 11:38:04'),
(290, 64, 3, 'รายงานขออนุมัติร่าง TOR', '', '2026-01-21', '', 1, NULL, '2026-01-21 11:38:04'),
(291, 64, 4, 'รายงานขอซื้อขอจ้าง + แต่งตั้งคกก จจ/ตร', '', '2026-01-21', '', 1, '', '2026-01-21 11:38:04'),
(292, 64, 5, 'ขึ้นประชาพิจารณ์', '', '2026-01-21', '', 1, NULL, '2026-01-21 11:38:04'),
(293, 64, 6, 'ขึ้นประกาศ e-bidding', '', '2026-01-21', '', 1, NULL, '2026-01-21 11:38:04'),
(294, 64, 7, 'ยื่นข้อเสนอและข้อเสนอราคา + คกก. พิจารณา', '', '2026-01-21', '', 1, NULL, '2026-01-21 11:38:04'),
(295, 64, 8, 'ขึ้นประกาศผู้ชนะ (รวมให้อุทธรณ์แล้ว)', '', '2026-01-21', '', 1, NULL, '2026-01-21 11:38:04'),
(296, 64, 9, 'ทำหนังสือเชิญทำสัญญา และทำสัญญาหลังจากได้รับหนังสือ', '', '2026-01-21', '', 1, NULL, '2026-01-21 11:38:04'),
(297, 70, 1, 'ขออนุมัติโครงการ', '', '2569-02-05', '', 0, NULL, '2026-02-05 14:59:53'),
(298, 70, 2, 'แต่งตั้ง คกก.+ร่าง TOR+ราคากลาง', '', '2569-02-05', '', 0, NULL, '2026-02-05 14:59:53'),
(299, 70, 3, 'รายงานขออนุมัติร่าง TOR', '', '2569-02-05', '', 0, NULL, '2026-02-05 14:59:53'),
(300, 70, 4, 'รายงานขอซื้อขอจ้าง + แต่งตั้งคกก จจ/ตร', '', '2569-02-05', '', 0, NULL, '2026-02-05 14:59:53'),
(301, 70, 5, 'ขึ้นประชาพิจารณ์', '', '2569-02-05', '', 0, NULL, '2026-02-05 14:59:53'),
(302, 70, 6, 'ขึ้นประกาศ e-bidding', '', '2569-02-05', '', 0, NULL, '2026-02-05 14:59:53'),
(303, 70, 7, 'ยื่นข้อเสนอและข้อเสนอราคา + คกก. พิจารณา', '', '2569-02-05', '', 0, NULL, '2026-02-05 14:59:53'),
(304, 70, 8, 'ขึ้นประกาศผู้ชนะ (รวมให้อุทธรณ์แล้ว)', '', '2569-02-05', '', 0, NULL, '2026-02-05 14:59:53'),
(305, 70, 9, 'ทำหนังสือเชิญทำสัญญา และทำสัญญาหลังจากได้รับหนังสือ', '', '2569-02-05', '', 0, NULL, '2026-02-05 14:59:53'),
(306, 69, 1, 'ขออนุมัติโครงการ', '', '2569-02-05', '', 0, NULL, '2026-02-05 15:00:11'),
(307, 69, 2, 'แต่งตั้ง คกก.+ร่าง TOR+ราคากลาง', '', '2569-02-05', '', 0, NULL, '2026-02-05 15:00:11'),
(308, 69, 3, 'รายงานขออนุมัติร่าง TOR', '', '2569-02-05', '', 0, NULL, '2026-02-05 15:00:11'),
(309, 69, 4, 'รายงานขอซื้อขอจ้าง + แต่งตั้งคกก จจ/ตร', '', '2569-02-05', '', 0, NULL, '2026-02-05 15:00:11'),
(310, 69, 5, 'ขึ้นประชาพิจารณ์', '', '2569-02-05', '', 0, NULL, '2026-02-05 15:00:11'),
(311, 69, 6, 'ขึ้นประกาศ e-bidding', '', '2569-02-05', '', 0, NULL, '2026-02-05 15:00:11'),
(312, 69, 7, 'ยื่นข้อเสนอและข้อเสนอราคา + คกก. พิจารณา', '', '2569-02-05', '', 0, NULL, '2026-02-05 15:00:11'),
(313, 69, 8, 'ขึ้นประกาศผู้ชนะ (รวมให้อุทธรณ์แล้ว)', '', '2569-02-05', '', 0, NULL, '2026-02-05 15:00:11'),
(314, 69, 9, 'ทำหนังสือเชิญทำสัญญา และทำสัญญาหลังจากได้รับหนังสือ', '', '2569-02-05', '', 0, NULL, '2026-02-05 15:00:11'),
(315, 10, 1, 'ขออนุมัติโครงการ', '', '2569-02-05', '', 0, NULL, '2026-02-05 15:00:17'),
(316, 10, 2, 'แต่งตั้ง คกก.+ร่าง TOR+ราคากลาง', '', '2569-02-05', '', 0, NULL, '2026-02-05 15:00:17'),
(317, 10, 3, 'รายงานขออนุมัติร่าง TOR', '', '2569-02-05', '', 0, NULL, '2026-02-05 15:00:17'),
(318, 10, 4, 'รายงานขอซื้อขอจ้าง + แต่งตั้งคกก จจ/ตร', '', '2569-02-05', '', 0, NULL, '2026-02-05 15:00:17'),
(319, 10, 5, 'ขึ้นประชาพิจารณ์', '', '2569-02-05', '', 0, NULL, '2026-02-05 15:00:17'),
(320, 10, 6, 'ขึ้นประกาศ e-bidding', '', '2569-02-05', '', 0, NULL, '2026-02-05 15:00:17'),
(321, 10, 7, 'ยื่นข้อเสนอและข้อเสนอราคา + คกก. พิจารณา', '', '2569-02-05', '', 0, NULL, '2026-02-05 15:00:17'),
(322, 10, 8, 'ขึ้นประกาศผู้ชนะ (รวมให้อุทธรณ์แล้ว)', '', '2569-02-05', '', 0, NULL, '2026-02-05 15:00:17'),
(323, 10, 9, 'ทำหนังสือเชิญทำสัญญา และทำสัญญาหลังจากได้รับหนังสือ', '', '2569-02-05', '', 0, NULL, '2026-02-05 15:00:17'),
(324, 71, 1, 'ขออนุมัติโครงการ', '', '2569-02-05', '', 0, NULL, '2026-02-05 15:04:22'),
(325, 71, 2, 'แต่งตั้ง คกก.+ร่าง TOR+ราคากลาง', '', '2569-02-05', '', 0, NULL, '2026-02-05 15:04:22'),
(326, 71, 3, 'รายงานขออนุมัติร่าง TOR', '', '2569-02-05', '', 0, NULL, '2026-02-05 15:04:22'),
(327, 71, 4, 'รายงานขอซื้อขอจ้าง + แต่งตั้งคกก จจ/ตร', '', '2569-02-05', '', 0, NULL, '2026-02-05 15:04:22'),
(328, 71, 5, 'ขึ้นประชาพิจารณ์', '', '2569-02-05', '', 0, NULL, '2026-02-05 15:04:22'),
(329, 71, 6, 'ขึ้นประกาศ e-bidding', '', '2569-02-05', '', 0, NULL, '2026-02-05 15:04:22'),
(330, 71, 7, 'ยื่นข้อเสนอและข้อเสนอราคา + คกก. พิจารณา', '', '2569-02-05', '', 0, NULL, '2026-02-05 15:04:22'),
(331, 71, 8, 'ขึ้นประกาศผู้ชนะ (รวมให้อุทธรณ์แล้ว)', '', '2569-02-05', '', 0, NULL, '2026-02-05 15:04:22'),
(332, 71, 9, 'ทำหนังสือเชิญทำสัญญา และทำสัญญาหลังจากได้รับหนังสือ', '', '2569-02-05', '', 0, NULL, '2026-02-05 15:04:22'),
(333, 78, 1, 'ขออนุมัติโครงการ', 'ขออนมุัติดำเนินโครงการ 21 ม.ค. 2569 (อนุม้ติ 30 ม.ค. 2569)', '2026-01-21', '', 1, NULL, '2026-02-05 15:13:47'),
(334, 78, 2, 'แต่งตั้ง คกก.+ร่าง TOR+ราคากลาง', 'แต่งตั้งคณะกรรมการร่าง TOR (5 ก.พ. 25)', '2026-02-05', '', 1, NULL, '2026-02-05 15:13:47'),
(335, 78, 3, 'รายงานขออนุมัติร่าง TOR', 'อนุมัติร่าง TOR 3 เม.ย. 69', '2026-02-25', '', 1, NULL, '2026-02-05 15:13:47'),
(336, 78, 4, 'รายงานขอซื้อขอจ้าง + แต่งตั้งคกก จจ/ตร', 'อยู่ระหว่างขออนุมัติจ้าง', '2026-04-07', '', 0, NULL, '2026-02-05 15:13:47'),
(337, 78, 5, 'ขึ้นประชาพิจารณ์', '', NULL, '', 0, NULL, '2026-02-05 15:13:47'),
(338, 78, 6, 'ขึ้นประกาศ e-bidding', '', NULL, '', 0, NULL, '2026-02-05 15:13:47'),
(339, 78, 7, 'ยื่นข้อเสนอและข้อเสนอราคา + คกก. พิจารณา', '', NULL, '', 0, NULL, '2026-02-05 15:13:47'),
(340, 78, 8, 'ขึ้นประกาศผู้ชนะ (รวมให้อุทธรณ์แล้ว)', '', NULL, '', 0, NULL, '2026-02-05 15:13:47'),
(341, 78, 9, 'ทำหนังสือเชิญทำสัญญา และทำสัญญาหลังจากได้รับหนังสือ', '', NULL, '', 0, NULL, '2026-02-05 15:13:47'),
(342, 67, 1, 'ขออนุมัติโครงการ', '', '2569-02-05', '', 0, NULL, '2026-02-05 16:24:31'),
(343, 67, 2, 'แต่งตั้ง คกก.+ร่าง TOR+ราคากลาง', '', '2569-02-05', '', 0, NULL, '2026-02-05 16:24:31'),
(344, 67, 3, 'รายงานขออนุมัติร่าง TOR', '', '2569-02-05', '', 0, NULL, '2026-02-05 16:24:31'),
(345, 67, 4, 'รายงานขอซื้อขอจ้าง + แต่งตั้งคกก จจ/ตร', '', '2569-02-05', '', 0, NULL, '2026-02-05 16:24:31'),
(346, 67, 5, 'ขึ้นประชาพิจารณ์', '', '2569-02-05', '', 0, NULL, '2026-02-05 16:24:31'),
(347, 67, 6, 'ขึ้นประกาศ e-bidding', '', '2569-02-05', '', 0, NULL, '2026-02-05 16:24:31'),
(348, 67, 7, 'ยื่นข้อเสนอและข้อเสนอราคา + คกก. พิจารณา', '', '2569-02-05', '', 0, NULL, '2026-02-05 16:24:31'),
(349, 67, 8, 'ขึ้นประกาศผู้ชนะ (รวมให้อุทธรณ์แล้ว)', '', '2569-02-05', '', 0, NULL, '2026-02-05 16:24:31'),
(350, 67, 9, 'ทำหนังสือเชิญทำสัญญา และทำสัญญาหลังจากได้รับหนังสือ', '', '2569-02-05', '', 0, NULL, '2026-02-05 16:24:31'),
(351, 85, 1, 'ขออนุมัติโครงการ', '1', '2570-01-01', '', 0, NULL, '2026-02-06 16:46:44'),
(352, 85, 2, 'แต่งตั้ง คกก.+ร่าง TOR+ราคากลาง', '', '2569-02-06', '', 0, NULL, '2026-02-06 16:46:44'),
(353, 85, 3, 'รายงานขออนุมัติร่าง TOR', '', '2569-02-06', '', 0, NULL, '2026-02-06 16:46:44'),
(354, 85, 4, 'รายงานขอซื้อขอจ้าง + แต่งตั้งคกก จจ/ตร', '', '2569-02-06', '', 0, NULL, '2026-02-06 16:46:44'),
(355, 85, 5, 'ขึ้นประชาพิจารณ์', '', '2569-02-06', '', 0, NULL, '2026-02-06 16:46:44'),
(356, 85, 6, 'ขึ้นประกาศ e-bidding', '', '2569-02-06', '', 0, NULL, '2026-02-06 16:46:44'),
(357, 85, 7, 'ยื่นข้อเสนอและข้อเสนอราคา + คกก. พิจารณา', '', '2569-02-06', '', 0, NULL, '2026-02-06 16:46:44'),
(358, 85, 8, 'ขึ้นประกาศผู้ชนะ (รวมให้อุทธรณ์แล้ว)', '', '2569-02-06', '', 0, NULL, '2026-02-06 16:46:44'),
(359, 85, 9, 'ทำหนังสือเชิญทำสัญญา และทำสัญญาหลังจากได้รับหนังสือ', '', '2569-02-06', '', 0, NULL, '2026-02-06 16:46:44'),
(360, 86, 1, 'ขออนุมัติโครงการ', '', NULL, '', 0, NULL, '2026-02-06 17:04:56'),
(361, 86, 2, 'แต่งตั้ง คกก.+ร่าง TOR+ราคากลาง', '', NULL, '', 0, NULL, '2026-02-06 17:04:56'),
(362, 86, 3, 'รายงานขออนุมัติร่าง TOR', '', NULL, '', 0, NULL, '2026-02-06 17:04:56'),
(363, 86, 4, 'รายงานขอซื้อขอจ้าง + แต่งตั้งคกก จจ/ตร', '', NULL, '', 0, NULL, '2026-02-06 17:04:56'),
(364, 86, 5, 'ขึ้นประชาพิจารณ์', '', NULL, '', 0, NULL, '2026-02-06 17:04:56'),
(365, 86, 6, 'ขึ้นประกาศ e-bidding', '', NULL, '', 0, NULL, '2026-02-06 17:04:56'),
(366, 86, 7, 'ยื่นข้อเสนอและข้อเสนอราคา + คกก. พิจารณา', '', NULL, '', 0, NULL, '2026-02-06 17:04:56'),
(367, 86, 8, 'ขึ้นประกาศผู้ชนะ (รวมให้อุทธรณ์แล้ว)', '', NULL, '', 0, NULL, '2026-02-06 17:04:56'),
(368, 86, 9, 'ทำหนังสือเชิญทำสัญญา และทำสัญญาหลังจากได้รับหนังสือ', '', NULL, '', 0, NULL, '2026-02-06 17:04:56'),
(370, 60, 5, 'ขึ้นประชาพิจารณ์', 'เชิญผู้ประกอบการยื่นข้อเสนอ (โดยวิธีเฉพาะเจาะจง)\r\nหนังสือคณะกรรมการจ้างโดยวิธีเฉพาะเจาะจง ที่ พณ 0605/10 ลงวันที่ 5 มีนาคม 2569', '2026-03-05', '', 1, NULL, '2026-04-08 10:33:04'),
(371, 60, 6, 'ขึ้นประกาศ e-bidding', 'รายงานผลการพิจารณาจ้าง (โดยเฉพาะเจาะจง) หนังสือคณะกรรมการจ้างโดยวิธีเฉพาะเจาะจง ที่ พณ 0605/105 ลงวันที่ 19มีนาคม 2569', '2026-03-19', '', 1, NULL, '2026-04-08 10:36:17'),
(372, 60, 7, 'อธิบดีเห็นชอบรายงาน+ประกาศผู้ชนะ (โดยวิธีเฉพาะเจาะจง) ', 'อธิบดีเห็นชอบรายงาน+ประกาศผู้ชนะ (โดยวิธีเฉพาะเจาะจง)', '2026-03-26', '', 1, NULL, '2026-04-08 10:38:23'),
(373, 60, 8, 'ทำสัญญาจ้าง (โดยวิธีเฉพาะเจาะจง)', 'ทำสัญญาจ้าง (โดยวิธีเฉพาะเจาะจง)', '2026-03-31', '', 1, NULL, '2026-04-08 10:38:56');

--
-- Indexes for dumped tables
--

--
-- Indexes for table `budget_act`
--
ALTER TABLE `budget_act`
  ADD PRIMARY KEY (`id`);

--
-- Indexes for table `budget_detail`
--
ALTER TABLE `budget_detail`
  ADD PRIMARY KEY (`id_detail`),
  ADD KEY `budget_item_id` (`budget_item_id`);

--
-- Indexes for table `budget_items`
--
ALTER TABLE `budget_items`
  ADD PRIMARY KEY (`id`);

--
-- Indexes for table `contracts`
--
ALTER TABLE `contracts`
  ADD PRIMARY KEY (`contract_id`),
  ADD KEY `contracts_ibfk_1` (`detail_item_id`);

--
-- Indexes for table `issues`
--
ALTER TABLE `issues`
  ADD PRIMARY KEY (`issue_id`),
  ADD KEY `issues_ibfk_1` (`id_detail`);

--
-- Indexes for table `phases`
--
ALTER TABLE `phases`
  ADD PRIMARY KEY (`phase_id`),
  ADD KEY `contract_id` (`contract_detail_id`);

--
-- Indexes for table `project_steps`
--
ALTER TABLE `project_steps`
  ADD PRIMARY KEY (`id`),
  ADD KEY `project_steps_ibfk_1` (`id_budget_detail`);

--
-- AUTO_INCREMENT for dumped tables
--

--
-- AUTO_INCREMENT for table `budget_act`
--
ALTER TABLE `budget_act`
  MODIFY `id` int NOT NULL AUTO_INCREMENT, AUTO_INCREMENT=17;

--
-- AUTO_INCREMENT for table `budget_detail`
--
ALTER TABLE `budget_detail`
  MODIFY `id_detail` int NOT NULL AUTO_INCREMENT, AUTO_INCREMENT=88;

--
-- AUTO_INCREMENT for table `budget_items`
--
ALTER TABLE `budget_items`
  MODIFY `id` int NOT NULL AUTO_INCREMENT, AUTO_INCREMENT=300;

--
-- AUTO_INCREMENT for table `contracts`
--
ALTER TABLE `contracts`
  MODIFY `contract_id` int NOT NULL AUTO_INCREMENT, AUTO_INCREMENT=38;

--
-- AUTO_INCREMENT for table `phases`
--
ALTER TABLE `phases`
  MODIFY `phase_id` int NOT NULL AUTO_INCREMENT, AUTO_INCREMENT=80;

--
-- AUTO_INCREMENT for table `project_steps`
--
ALTER TABLE `project_steps`
  MODIFY `id` int NOT NULL AUTO_INCREMENT, AUTO_INCREMENT=374;
COMMIT;

/*!40101 SET CHARACTER_SET_CLIENT=@OLD_CHARACTER_SET_CLIENT */;
/*!40101 SET CHARACTER_SET_RESULTS=@OLD_CHARACTER_SET_RESULTS */;
/*!40101 SET COLLATION_CONNECTION=@OLD_COLLATION_CONNECTION */;
