-- phpMyAdmin SQL Dump
-- version 5.2.1
-- https://www.phpmyadmin.net/
--
-- Host: 127.0.0.1
-- Generation Time: Apr 17, 2026 at 04:22 AM
-- Server version: 10.4.32-MariaDB
-- PHP Version: 8.0.30

SET SQL_MODE = "NO_AUTO_VALUE_ON_ZERO";
START TRANSACTION;
SET time_zone = "+00:00";


/*!40101 SET @OLD_CHARACTER_SET_CLIENT=@@CHARACTER_SET_CLIENT */;
/*!40101 SET @OLD_CHARACTER_SET_RESULTS=@@CHARACTER_SET_RESULTS */;
/*!40101 SET @OLD_COLLATION_CONNECTION=@@COLLATION_CONNECTION */;
/*!40101 SET NAMES utf8mb4 */;

--
-- Database: `budget_dtn`
--

-- --------------------------------------------------------

--
-- Table structure for table `budget_act`
--

CREATE TABLE `budget_act` (
  `id` int(11) NOT NULL,
  `budget_act_amount` decimal(10,0) NOT NULL,
  `fiscal_year` int(11) NOT NULL,
  `q1_percent` decimal(5,2) DEFAULT 0.00,
  `q2_percent` decimal(5,2) DEFAULT 0.00,
  `q3_percent` decimal(5,2) DEFAULT 0.00,
  `q4_percent` decimal(5,2) DEFAULT 0.00
) ENGINE=InnoDB DEFAULT CHARSET=utf8mb4 COLLATE=utf8mb4_general_ci;

--
-- Dumping data for table `budget_act`
--

INSERT INTO `budget_act` (`id`, `budget_act_amount`, `fiscal_year`, `q1_percent`, `q2_percent`, `q3_percent`, `q4_percent`) VALUES
(5, 32000000, 2568, 50.00, 80.00, 60.00, 90.00),
(6, 26018700, 2569, 0.00, 0.00, 0.00, 0.00),
(11, 10, 2571, 0.00, 0.00, 0.00, 0.00),
(12, 10, 2570, 0.00, 0.00, 0.00, 0.00);

-- --------------------------------------------------------

--
-- Table structure for table `budget_detail`
--

CREATE TABLE `budget_detail` (
  `id_detail` int(11) NOT NULL,
  `budget_item_id` int(11) NOT NULL,
  `detail_name` varchar(255) NOT NULL,
  `budget_received` decimal(12,2) NOT NULL,
  `requested_amount` decimal(12,2) NOT NULL,
  `description` text CHARACTER SET utf8mb4 COLLATE utf8mb4_general_ci NOT NULL
) ENGINE=InnoDB DEFAULT CHARSET=utf8mb4 COLLATE=utf8mb4_thai_520_w2;

--
-- Dumping data for table `budget_detail`
--

INSERT INTO `budget_detail` (`id_detail`, `budget_item_id`, `detail_name`, `budget_received`, `requested_amount`, `description`) VALUES
(25, 10, 'โครงการจัดซื้อครุภัณฑ์คอมพิวเตอร์พกพา แบบหน้าจอสัมผัส (รวมปากกา) พร้อมชุดโปรแกรมปฏิบัติการ และชุดโปรแกรมจัดการสำนักงาน จำนวน 105 เครื่อง', 5649000.00, 4329969.00, ''),
(26, 10, 'โครงการจัดซื้อชุดโปรแกรม จำนวน 3 รายการ ', 1348500.00, 882536.00, ''),
(27, 10, 'โครงการปรับปรุงประสิทธิภาพการจัดการฐานข้อมูลและระบบสารสนเทศการเจรจาการค้าระหว่างประเทศ TIS', 11639400.00, 11235000.00, ''),
(28, 10, 'โครงการปรับปรุงประสิทธิภาพการรักษาความปลอดภัยระบบสารสนเทศและระบบเครือข่าย ', 8000000.00, 6880000.00, ''),
(30, 11, 'โครงการจ้างเหมาบริการบำรุงรักษาระบบจัดเก็บข้อมูลจราจรทางคอมพิวเตอร์และระบบข้อมูลเปิด', 650000.00, 535000.00, ''),
(31, 11, 'โครงการจ้างเหมาบริการบำรุงรักษาระบบติดตามผลการเจรจาการค้าระหว่างประเทศ', 800000.00, 680000.00, ''),
(32, 11, 'โครงการจ้างเหมาบริการบำรุงรักษาเว็บไซต์และระบบสารสนเทศ', 390000.00, 390000.00, ''),
(33, 11, 'โครงการจ้างเหมาบริการบำรุงรักษาระบบบริหารทรัพยากรองค์กร', 980000.00, 950000.00, ''),
(34, 11, 'โครงการจ้างเหมาบริการบำรุงรักษาและซ่อมแซมแก้ไขเครื่องคอมพิวเตอร์     และอุปกรณ์ต่อพ่วง ', 820000.00, 693600.00, ''),
(35, 11, 'โครงการจัดซื้อลิขสิทธิ์ปัญญาประดิษฐ์ (AI) เพื่อสนับสนุนการปฏิบัติงาน', 300000.00, 289500.00, ''),
(36, 11, 'ลิขสิทธิ์โปรแกรมการประชุมทางไกล (ZOOM)', 103000.00, 102591.60, ''),
(37, 11, 'โครงการจัดซื้อชุดโปรแกรมสำหรับเครื่องแม่ข่าย จำนวน 2 รายการ', 157000.00, 155000.00, ''),
(38, 12, 'โครงการจ้างที่ปรึกษาด้านเทคโนโลยีสารสนเทศและการสื่อสาร ', 900000.00, 680000.00, ''),
(53, 14, 'โครงการจัดซื้อครุภัณฑ์คอมพิวเตอร์ อุปกรณ์ และชุดโปรแกรมบริหารจัดการเอกสารไฟล์ PDF จำนวน 5 รายการ', 4656000.00, 0.00, ''),
(54, 14, 'โครงการปรับปรุงประสิทธิภาพการรักษาความปลอดภัยระบบสารสนเทศ และระบบเครือข่าย', 8667000.00, 0.00, ''),
(55, 14, 'โครงการพัฒนาและปรับปรุงระบบสิทธิประโยชน์ทางภาษี', 5000000.00, 0.00, ''),
(56, 15, 'โครงการสนับสนุนการบริหารงานด้วยเทคโนโลยีคลาวด์และซอฟต์แวร์ดิจิทัล', 274700.00, 0.00, ''),
(57, 16, 'โครงการจ้างที่ปรึกษาด้านเทคโนโลยีสารสนเทศและการสื่อสาร ', 630000.00, 0.00, ''),
(58, 17, 'โครงการจ้างเหมาบริการบำรุงรักษาและซ่อมแซมแก้ไขเครื่องคอมพิวเตอร์ อุปกรณ์ต่อพ่วง และระบบเครือข่าย', 1500000.00, 0.00, ''),
(59, 17, 'โครงการจ้างเหมาบริการบำรุงรักษาเว็บไซต์และระบบสารสนเทศ (dtn+ntr)', 500000.00, 0.00, ''),
(60, 17, 'โครงการจ้างเหมาบริการบำรุงรักษาระบบโมบายแอพลิเคชัน (FTA Choice)', 500000.00, 0.00, ''),
(61, 17, 'โครงการจ้างเหมาบริการบำรุงรักษาระบบบริหารทรัพยากรองค์กร', 1000000.00, 0.00, ''),
(62, 17, 'โครงการจ้างเหมาบริการบำรุงรักษาระบบติดตามผลการเจรจาการค้าระหว่างประเทศ', 500000.00, 0.00, ''),
(63, 17, 'โครงการปรับปรุงสายสัญญาณเครือข่าย (สาย Lan)', 2791000.00, 0.00, ''),
(72, 30, 'เทส', 50000.00, 120.00, ''),
(73, 32, 'เทส', 15000.00, 0.00, ''),
(76, 30, 'เทส2', 20000.00, 0.00, '');

-- --------------------------------------------------------

--
-- Table structure for table `budget_items`
--

CREATE TABLE `budget_items` (
  `id` int(11) NOT NULL,
  `item_name` varchar(100) NOT NULL,
  `requested_amount` decimal(12,2) NOT NULL,
  `fiscal_year` int(11) NOT NULL,
  `status` enum('active','cancelled') DEFAULT 'active'
) ENGINE=InnoDB DEFAULT CHARSET=utf8mb4 COLLATE=utf8mb4_thai_520_w2;

--
-- Dumping data for table `budget_items`
--

INSERT INTO `budget_items` (`id`, `item_name`, `requested_amount`, `fiscal_year`, `status`) VALUES
(10, 'งบลงทุน', 0.00, 2568, 'active'),
(11, 'งบดำเนินงาน', 0.00, 2568, 'active'),
(12, 'งบรายจ่ายอื่น', 0.00, 2568, 'cancelled'),
(13, 'งบบูรณาการ', 0.00, 2568, 'active'),
(14, 'งบลงทุน', 0.00, 2569, 'active'),
(15, 'งบบูรณาการ', 0.00, 2569, 'active'),
(16, 'งบรายจ่ายอื่น', 0.00, 2569, 'active'),
(17, 'งบดำเนินงาน', 0.00, 2569, 'active'),
(30, 'งบลงทุน', 0.00, 2570, 'active'),
(32, 'งบดำเนินงาน', 0.00, 2570, 'active');

-- --------------------------------------------------------

--
-- Table structure for table `contracts`
--

CREATE TABLE `contracts` (
  `contract_id` int(11) NOT NULL,
  `detail_item_id` int(11) NOT NULL,
  `contract_number` varchar(50) DEFAULT NULL,
  `contractor_name` varchar(255) DEFAULT NULL,
  `contract_date` date DEFAULT NULL,
  `contract_ends` date DEFAULT NULL
) ENGINE=InnoDB DEFAULT CHARSET=utf8mb4 COLLATE=utf8mb4_general_ci;

--
-- Dumping data for table `contracts`
--

INSERT INTO `contracts` (`contract_id`, `detail_item_id`, `contract_number`, `contractor_name`, `contract_date`, `contract_ends`) VALUES
(11, 25, '3/2568', 'บริษัท นิปด้า จำกัด', '2025-03-28', '2025-07-06'),
(12, 26, '15/2568', 'บริษัท เทคโนโลยี อินฟราสตรัคเจอร์ จำกัด', '2025-09-17', '2025-11-11'),
(13, 27, '4/2568', 'บริษัท เฟิร์สบิซโซลูชั่น จำกัด', '2025-03-28', '2026-02-28'),
(14, 28, '2/2569', 'บริษัท เฟิรส์วัน ซิสเต็มส์ จำกัด', '2025-10-21', '0000-00-00'),
(15, 30, '1/2569', 'บริษัท เฟิร์สบิซโซลูชั่น จำกัด', '2025-10-14', '0000-00-00'),
(16, 31, '10/2568', 'บริษัท สี่จุดศูนย์ จำกัด', '2025-07-15', '0000-00-00'),
(17, 32, '93/2568', 'บริษัท ซอฟท์ซวีท จำกัด', '2025-02-17', '0000-00-00'),
(18, 33, '7/2568', 'บริษัท ซอฟท์ซวีท จำกัด', '2025-05-27', '0000-00-00'),
(19, 34, '5/2568', 'บริษัท โอเพ่น เทคโนโลยี่ จำกัด (มหาชน)', '2025-04-22', '0000-00-00'),
(20, 37, '28/2568', 'บมจ. อินเตอร์ลิงค์ เทเลคอม', '2025-09-18', '0000-00-00'),
(21, 38, '11/2568', 'บริษัท เวสเทิร์น กรุ๊ป (ประเทศไทย) จำกัด', NULL, '0000-00-00'),
(22, 35, '46/2568', 'บริษัท อินเตอร์ลิ้งค์ เทเลคอม จำกัด (มหาชน)', '2025-09-09', '0000-00-00'),
(23, 36, '26/2568', 'บริษัท วันทูออล จำกัด', '2025-06-13', '0000-00-00'),
(41, 72, '1/2570', 'บริษัท ทดสอบ 2570', '2027-01-01', '2027-06-01'),
(42, 72, '2/2570', 'บริษัท ทดสอบ', '2027-01-01', '2027-05-01'),
(43, 55, '01/2569', 'บริษัท .. จำกัด', '2026-03-18', '2026-10-18');

-- --------------------------------------------------------

--
-- Table structure for table `issues`
--

CREATE TABLE `issues` (
  `issue_id` int(11) NOT NULL,
  `id_detail` int(11) NOT NULL,
  `issue_date` date DEFAULT NULL,
  `description` text NOT NULL,
  `solution` text DEFAULT NULL,
  `status` enum('ยังไม่แก้ไข','กำลังแก้ไข','แก้ไขแล้ว') DEFAULT 'ยังไม่แก้ไข',
  `resolved_date` date DEFAULT NULL
) ENGINE=InnoDB DEFAULT CHARSET=utf8mb4 COLLATE=utf8mb4_general_ci;

-- --------------------------------------------------------

--
-- Table structure for table `phases`
--

CREATE TABLE `phases` (
  `phase_id` int(11) NOT NULL,
  `contract_detail_id` int(11) NOT NULL,
  `phase_number` int(11) NOT NULL,
  `phase_name` text DEFAULT NULL,
  `amount` decimal(12,2) NOT NULL,
  `due_date` date DEFAULT NULL,
  `completion_date` date DEFAULT NULL,
  `status` enum('รอดำเนินการ','อยู่ระหว่างดำเนินการ','เสร็จสิ้น','ยกเลิก') DEFAULT 'รอดำเนินการ',
  `payment_date` date DEFAULT NULL,
  `overlap_type` varchar(50) DEFAULT 'ไม่กันเหลื่อม'
) ENGINE=InnoDB DEFAULT CHARSET=utf8mb4 COLLATE=utf8mb4_general_ci;

--
-- Dumping data for table `phases`
--

INSERT INTO `phases` (`phase_id`, `contract_detail_id`, `phase_number`, `phase_name`, `amount`, `due_date`, `completion_date`, `status`, `payment_date`, `overlap_type`) VALUES
(32, 11, 1, '', 4329969.00, '2025-03-28', '2025-07-06', 'เสร็จสิ้น', '2568-08-20', 'ไม่กันเหลื่อม'),
(33, 12, 1, '', 882536.00, '2025-11-11', '2025-11-11', 'เสร็จสิ้น', '2568-11-11', 'ไม่กันเหลื่อม'),
(34, 13, 1, '', 1123500.00, '2025-05-31', '2025-05-31', 'เสร็จสิ้น', '2568-05-27', 'ไม่กันเหลื่อม'),
(35, 13, 2, '', 3370500.00, '2025-07-26', '2025-07-26', 'เสร็จสิ้น', '2568-07-26', 'ไม่กันเหลื่อม'),
(36, 13, 3, '', 4494000.00, '2025-11-23', '2025-11-23', 'อยู่ระหว่างดำเนินการ', '2568-11-23', 'ไม่กันเหลื่อม'),
(37, 13, 4, '', 2247000.00, '2025-01-22', '2025-01-22', 'รอดำเนินการ', '2569-01-22', 'ไม่กันเหลื่อม'),
(38, 14, 1, '1. ประชุม ตรวจรับ ครั้งที่ 1 เมื่อ 23/12/2568\r\n2. มีหนังสือแจ้งบริษัท 26/12/2568\r\n3. ประชุม ตรวจรับ ครั้งที่ 2 เมื่อ 23/12/2568', 1376000.00, '2025-12-21', '2025-12-21', 'เสร็จสิ้น', '2569-01-21', 'ไม่กันเหลื่อม'),
(39, 14, 2, '', 5504000.00, '2026-03-21', '2026-03-21', 'รอดำเนินการ', '2569-04-21', 'ไม่กันเหลื่อม'),
(40, 15, 1, '255', 133750.00, '2025-09-01', '2025-10-30', 'เสร็จสิ้น', '2568-10-15', 'ไม่กันเหลื่อม'),
(41, 15, 2, '', 133750.00, '2568-11-15', '2568-11-15', 'เสร็จสิ้น', '2568-11-15', 'ไม่กันเหลื่อม'),
(42, 15, 3, '', 133750.00, '2569-01-15', '2569-01-15', 'อยู่ระหว่างดำเนินการ', '2569-01-15', 'ไม่กันเหลื่อม'),
(43, 15, 4, '', 133750.00, '2569-03-15', '2569-03-15', 'รอดำเนินการ', '2569-03-15', 'กันเหลื่อม'),
(44, 16, 1, '', 75555.56, '2568-08-15', '2568-08-15', 'เสร็จสิ้น', '2568-08-15', 'ไม่กันเหลื่อม'),
(45, 16, 2, '', 75555.56, '2568-09-15', '2568-09-15', 'เสร็จสิ้น', '2568-09-15', 'ไม่กันเหลื่อม'),
(46, 16, 3, '', 75555.56, '2568-10-15', '2568-10-15', 'เสร็จสิ้น', '2568-10-15', 'ไม่กันเหลื่อม'),
(47, 16, 4, '', 75555.56, '2568-11-17', '2568-11-17', 'เสร็จสิ้น', '2568-11-17', 'ไม่กันเหลื่อม'),
(48, 16, 5, '', 75555.56, '2568-12-15', '2568-12-15', 'อยู่ระหว่างดำเนินการ', '2568-12-15', 'ไม่กันเหลื่อม'),
(49, 16, 6, '', 75555.55, '2569-01-15', '2569-01-15', 'รอดำเนินการ', '2569-01-15', 'ไม่กันเหลื่อม'),
(50, 16, 7, '', 75555.55, '2569-02-16', '2569-02-16', 'รอดำเนินการ', '2569-02-16', 'ไม่กันเหลื่อม'),
(51, 16, 8, '', 75555.55, '2569-03-16', '2569-03-16', 'รอดำเนินการ', '2569-03-16', 'ไม่กันเหลื่อม'),
(52, 16, 9, '', 75555.55, '2569-04-15', '2569-04-15', 'รอดำเนินการ', '2569-04-15', 'ไม่กันเหลื่อม'),
(53, 17, 1, '', 97500.00, '2568-05-17', '2568-05-17', 'เสร็จสิ้น', '2568-05-17', 'ไม่กันเหลื่อม'),
(54, 17, 2, '', 97500.00, '2568-08-15', '2568-08-15', 'เสร็จสิ้น', '2568-08-15', 'ไม่กันเหลื่อม'),
(55, 17, 3, '', 97500.00, '2568-11-13', '2568-11-13', 'เสร็จสิ้น', '2568-11-13', 'ไม่กันเหลื่อม'),
(56, 17, 4, '', 97500.00, '2569-02-17', '2569-02-17', 'รอดำเนินการ', '2569-02-17', 'ไม่กันเหลื่อม'),
(57, 18, 1, '', 237500.00, '2568-07-15', '2568-07-15', 'เสร็จสิ้น', '2568-07-15', 'ไม่กันเหลื่อม'),
(58, 18, 2, '', 237500.00, '2568-08-15', '2568-08-15', 'เสร็จสิ้น', '2568-08-15', 'ไม่กันเหลื่อม'),
(59, 18, 3, '', 237500.00, '2568-11-17', '2568-11-17', 'อยู่ระหว่างดำเนินการ', '2568-11-17', 'ไม่กันเหลื่อม'),
(60, 18, 4, '', 237500.00, '2569-01-15', '2569-01-15', 'รอดำเนินการ', '2569-01-15', 'ไม่กันเหลื่อม'),
(61, 19, 1, '', 86700.00, '2568-05-15', '2568-05-15', 'เสร็จสิ้น', '2568-05-15', 'ไม่กันเหลื่อม'),
(62, 19, 2, '', 86700.00, '2568-06-16', '2568-06-16', 'เสร็จสิ้น', '2568-06-16', 'ไม่กันเหลื่อม'),
(63, 19, 3, '', 86700.00, '2568-07-15', '2568-07-15', 'เสร็จสิ้น', '2568-07-15', 'ไม่กันเหลื่อม'),
(64, 19, 4, '', 86700.00, '2568-08-15', '2568-08-15', 'เสร็จสิ้น', '2568-08-15', 'ไม่กันเหลื่อม'),
(65, 19, 5, '', 86700.00, '2568-09-15', '2568-09-15', 'เสร็จสิ้น', '2568-09-15', 'ไม่กันเหลื่อม'),
(66, 19, 6, '', 86700.00, '2568-10-15', '2568-10-15', 'เสร็จสิ้น', '2568-10-15', 'ไม่กันเหลื่อม'),
(67, 19, 7, '', 86700.00, '2568-11-17', '2568-11-17', 'อยู่ระหว่างดำเนินการ', '2568-11-17', 'ไม่กันเหลื่อม'),
(68, 19, 8, '', 86700.00, '2568-12-15', '2568-12-15', 'รอดำเนินการ', '2568-12-15', 'ไม่กันเหลื่อม'),
(69, 20, 1, '', 155000.00, '2568-10-15', '2568-10-15', 'เสร็จสิ้น', '2568-10-15', 'ไม่กันเหลื่อม'),
(70, 21, 1, '', 204000.00, '2568-10-15', '2568-10-15', 'รอดำเนินการ', '2568-10-15', 'ไม่กันเหลื่อม'),
(71, 21, 2, '', 204000.00, '2569-01-13', '2569-01-13', 'รอดำเนินการ', '2026-01-13', 'ไม่กันเหลื่อม'),
(72, 21, 3, '', 204000.00, '2569-04-13', '2569-04-16', 'รอดำเนินการ', '2026-04-16', 'ไม่กันเหลื่อม'),
(74, 22, 1, '', 289500.00, '2568-09-09', '2568-09-09', 'เสร็จสิ้น', '2025-09-09', 'ไม่กันเหลื่อม'),
(75, 23, 1, '', 102591.60, '2568-06-13', '2568-06-13', 'เสร็จสิ้น', '2025-06-13', 'ไม่กันเหลื่อม'),
(85, 41, 1, 'ทดสอบ วันที่', 100.00, '2570-01-01', '2570-06-01', 'รอดำเนินการ', '2570-06-15', 'ไม่กันเหลื่อม'),
(86, 41, 2, '', 10.00, '2026-02-05', '2026-05-15', 'รอดำเนินการ', '2026-02-28', 'ไม่กันเหลื่อม'),
(87, 41, 3, 'ทดสอบ ปี', 10.00, '2026-02-05', '2027-05-01', 'รอดำเนินการ', '2570-05-15', 'ไม่กันเหลื่อม'),
(88, 42, 1, 'เทสปี', 10.00, '2025-05-01', '2025-06-01', 'รอดำเนินการ', '2025-06-15', 'ไม่กันเหลื่อม'),
(89, 41, 6, '', 0.00, '2026-02-05', '2026-02-05', 'รอดำเนินการ', '2026-02-05', 'ไม่กันเหลื่อม'),
(90, 41, 8, '', 0.00, NULL, NULL, 'รอดำเนินการ', NULL, 'ไม่กันเหลื่อม'),
(91, 43, 1, '', 10500.00, '2026-03-17', '2569-04-18', 'รอดำเนินการ', NULL, 'ไม่กันเหลื่อม');

-- --------------------------------------------------------

--
-- Table structure for table `project_steps`
--

CREATE TABLE `project_steps` (
  `id` int(11) NOT NULL,
  `id_budget_detail` int(11) NOT NULL,
  `step_order` int(11) NOT NULL,
  `step_name` varchar(100) NOT NULL,
  `step_description` text NOT NULL,
  `step_date` date DEFAULT NULL,
  `sub_steps` text DEFAULT NULL,
  `is_completed` tinyint(1) DEFAULT 0,
  `document_path` varchar(255) DEFAULT NULL,
  `created_at` timestamp NOT NULL DEFAULT current_timestamp()
) ENGINE=InnoDB DEFAULT CHARSET=utf8mb4 COLLATE=utf8mb4_general_ci;

--
-- Dumping data for table `project_steps`
--

INSERT INTO `project_steps` (`id`, `id_budget_detail`, `step_order`, `step_name`, `step_description`, `step_date`, `sub_steps`, `is_completed`, `document_path`, `created_at`) VALUES
(17, 25, 1, 'ขออนุมัติโครงการ', 'ยื่นของบประมาณและเอกสารอนุมัติต่อผู้บริหาร', '2024-08-26', '', 1, NULL, '2025-11-20 03:06:12'),
(18, 25, 2, 'แต่งตั้ง คกก.+ร่าง TOR', 'ตั้งคณะกรรมการและจัดทำร่างขอบเขตงานพร้อมราคากลาง', '2024-07-30', '', 1, NULL, '2025-11-20 03:07:34'),
(19, 25, 3, 'ขออนุมัติร่าง TOR', 'เสนอผู้บริหารเพื่ออนุมัติร่าง TOR', '2024-10-11', '', 1, NULL, '2025-11-20 03:09:56'),
(20, 25, 4, 'ขอซื้อ/จ้าง', 'ดำเนินการเสนอซื้อ/จ้าง พร้อมแต่งตั้งคณะกรรมการจัดจ้าง', '2024-10-25', '', 1, NULL, '2025-11-20 03:12:44'),
(21, 25, 5, 'ประชาพิจารณ์', 'เปิดเผย TOR ให้ประชาชนและผู้ประกอบการเสนอความเห็น', '2024-11-21', '', 1, NULL, '2025-11-20 03:14:07'),
(22, 25, 6, 'e-Bidding', 'เผยแพร่ประกาศเชิญชวนในระบบจัดซื้อจัดจ้าง', '2024-12-12', '', 1, NULL, '2025-11-20 03:14:38'),
(23, 25, 7, 'พิจารณาข้อเสนอ', 'รับซองและประเมินผลจากคณะกรรมการ', '2024-12-26', '', 1, NULL, '2025-11-20 03:15:27'),
(24, 25, 8, 'ประกาศผู้ชนะ', 'แจ้งผลผู้ชนะการเสนอราคา', '2025-02-13', '', 1, NULL, '2025-11-20 03:16:00'),
(25, 25, 9, 'ทำสัญญา', 'นัดลงนามในสัญญาและจัดส่งหนังสือเชิญ', '2025-03-28', '', 1, NULL, '2025-11-20 03:17:03'),
(82, 57, 1, 'ลงนามสัญญาได้ต่อเมื่อ   โครงการงบ 68 เสร็จสิ้น', 'ลงนามสัญญาได้ต่อเมื่อ   โครงการงบ 68 เสร็จสิ้น', '2568-12-08', '', 0, NULL, '2025-12-08 08:10:58'),
(89, 53, 1, 'ขออนุมัติโครงการ', '1', '2025-08-05', '', 1, NULL, '2025-12-12 10:15:43'),
(90, 53, 2, 'แต่งตั้ง คกก.+ร่าง TOR+ราคากลาง', '23 ส.ค. – 6 ต.ค. 68', '2025-08-23', '', 1, '', '2025-12-12 10:15:43'),
(91, 53, 3, 'รายงานขออนุมัติร่าง TOR', '', '2025-10-24', '', 1, NULL, '2025-12-12 10:15:43'),
(92, 53, 4, 'รายงานขอซื้อขอจ้าง + แต่งตั้งคกก จจ/ตร', 'รอลงนาม\r\n14-24 พ.ย.', '2025-11-07', '', 1, '', '2025-12-12 10:15:43'),
(93, 53, 5, 'ขึ้นประชาพิจารณ์', 'มีบริษัท สหธุรกิจ จำกัด 27/11/68 ขอประชาพิจารณ์\r\n29 ธค', '2025-11-13', '', 1, NULL, '2025-12-12 10:15:43'),
(94, 53, 6, 'ขึ้นประกาศ e-bidding', '', '2026-02-02', '', 1, NULL, '2025-12-12 10:15:43'),
(95, 53, 7, 'ยื่นข้อเสนอและข้อเสนอราคา + คกก. พิจารณา', '', '0000-00-00', '', 0, NULL, '2025-12-12 10:15:43'),
(96, 53, 8, 'ขึ้นประกาศผู้ชนะ (รวมให้อุทธรณ์แล้ว)', '', '0000-00-00', '', 0, NULL, '2025-12-12 10:15:43'),
(97, 53, 9, 'ทำหนังสือเชิญทำสัญญา และทำสัญญาหลังจากได้รับหนังสือ', '', '0000-00-00', '', 0, NULL, '2025-12-12 10:15:43'),
(98, 54, 1, 'ขออนุมัติโครงการ', '', '2025-08-05', '', 1, NULL, '2025-12-12 10:16:25'),
(99, 54, 2, 'แต่งตั้ง คกก.+ร่าง TOR+ราคากลาง', '', '2025-08-22', '', 1, NULL, '2025-12-12 10:16:25'),
(100, 54, 3, 'รายงานขออนุมัติร่าง TOR', '', '2025-08-22', '', 1, NULL, '2025-12-12 10:16:25'),
(101, 54, 4, 'รายงานขอซื้อขอจ้าง + แต่งตั้งคกก จจ/ตร', '', '2025-11-07', '', 1, NULL, '2025-12-12 10:16:25'),
(102, 54, 5, 'ขึ้นประชาพิจารณ์', 'บริษัท เทคโนโลยี อินฟราสตรัคเจอร์ จำกัด (มหาชน)  ประชาวิจารณ์ 29/12/68', '2025-12-29', '14-24 พ.ย.', 1, '', '2025-12-12 10:16:25'),
(103, 54, 6, 'ขึ้นประกาศ e-bidding', '21-25 พ.ย. 68', '2025-12-29', '', 1, '', '2025-12-12 10:16:25'),
(104, 54, 7, 'ยื่นข้อเสนอและข้อเสนอราคา + คกก. พิจารณา', '', '0000-00-00', '', 0, NULL, '2025-12-12 10:16:25'),
(105, 54, 8, 'ขึ้นประกาศผู้ชนะ (รวมให้อุทธรณ์แล้ว)', '', '0000-00-00', '', 0, NULL, '2025-12-12 10:16:25'),
(106, 54, 9, 'ทำหนังสือเชิญทำสัญญา และทำสัญญาหลังจากได้รับหนังสือ', '', '0000-00-00', '', 0, NULL, '2025-12-12 10:16:25'),
(107, 55, 1, 'ขออนุมัติโครงการ', '', '2025-08-05', '', 1, NULL, '2025-12-12 10:16:56'),
(108, 55, 2, 'แต่งตั้ง คกก.+ร่าง TOR+ราคากลาง', '', '2025-08-28', '', 1, NULL, '2025-12-12 10:16:56'),
(109, 55, 3, 'รายงานขออนุมัติร่าง TOR', '', '2025-11-05', '', 1, NULL, '2025-12-12 10:16:56'),
(110, 55, 4, 'รายงานขอซื้อขอจ้าง + แต่งตั้งคกก จจ/ตร', '', '2025-11-07', '', 1, NULL, '2025-12-12 10:16:56'),
(111, 55, 5, 'ขึ้นประชาพิจารณ์', 'รอลงนาม\r\n14-24 พ.ย.', '2568-12-29', '', 1, '', '2025-12-12 10:16:56'),
(112, 55, 6, 'ขึ้นประกาศ e-bidding', '', '0000-00-00', '', 0, NULL, '2025-12-12 10:16:56'),
(113, 55, 7, 'ยื่นข้อเสนอและข้อเสนอราคา + คกก. พิจารณา', '', '0000-00-00', '', 0, NULL, '2025-12-12 10:16:56'),
(114, 55, 8, 'ขึ้นประกาศผู้ชนะ (รวมให้อุทธรณ์แล้ว)', '', '0000-00-00', '', 0, NULL, '2025-12-12 10:16:56'),
(115, 55, 9, 'ทำหนังสือเชิญทำสัญญา และทำสัญญาหลังจากได้รับหนังสือ', '', '0000-00-00', '', 0, NULL, '2025-12-12 10:16:56'),
(116, 56, 1, 'ขออนุมัติโครงการ', '', '2025-08-01', '', 1, NULL, '2025-12-16 01:43:19'),
(117, 56, 2, 'แต่งตั้ง คกก.+ร่าง TOR+ราคากลาง', '', '2025-08-14', '', 1, NULL, '2025-12-16 01:43:19'),
(118, 56, 3, 'รายงานขออนุมัติร่าง TOR', '(ชะลอตามมติ ครม.)', '2568-12-29', '', 1, '', '2025-12-16 01:43:19'),
(119, 56, 4, 'รายงานขอซื้อขอจ้าง + แต่งตั้งคกก จจ/ตร', '', '2025-11-17', '', 1, NULL, '2025-12-16 01:43:19'),
(120, 56, 5, 'ขึ้นประชาพิจารณ์', '', '0000-00-00', '', 0, NULL, '2025-12-16 01:43:19'),
(121, 56, 6, 'ขึ้นประกาศ e-bidding', '', '0000-00-00', '', 0, NULL, '2025-12-16 01:43:19'),
(122, 56, 7, 'ยื่นข้อเสนอและข้อเสนอราคา + คกก. พิจารณา', '', '0000-00-00', '', 0, NULL, '2025-12-16 01:43:19'),
(123, 56, 8, 'ขึ้นประกาศผู้ชนะ (รวมให้อุทธรณ์แล้ว)', '', '0000-00-00', '', 0, NULL, '2025-12-16 01:43:19'),
(124, 56, 9, 'ทำหนังสือเชิญทำสัญญา และทำสัญญาหลังจากได้รับหนังสือ', '', '0000-00-00', '', 0, NULL, '2025-12-16 01:43:19'),
(125, 26, 1, 'ขออนุมัติโครงการ', '', '2569-01-05', '', 1, '', '2025-12-16 01:44:34'),
(126, 26, 2, 'แต่งตั้ง คกก.+ร่าง TOR+ราคากลาง', '', '2024-12-17', '', 1, NULL, '2025-12-16 01:44:34'),
(127, 26, 3, 'รายงานขออนุมัติร่าง TOR', '', '2025-02-13', '', 1, NULL, '2025-12-16 01:44:34'),
(128, 26, 4, 'รายงานขอซื้อขอจ้าง + แต่งตั้งคกก จจ/ตร', '', '2025-03-13', '', 1, NULL, '2025-12-16 01:44:34'),
(129, 26, 5, 'ขึ้นประชาพิจารณ์', '', '2025-04-01', '', 1, NULL, '2025-12-16 01:44:34'),
(130, 26, 6, 'ขึ้นประกาศ e-bidding', '', '2025-05-08', '', 1, NULL, '2025-12-16 01:44:34'),
(131, 26, 7, 'ยื่นข้อเสนอและข้อเสนอราคา + คกก. พิจารณา', '', '2025-07-18', '', 1, NULL, '2025-12-16 01:44:34'),
(132, 26, 8, 'ขึ้นประกาศผู้ชนะ (รวมให้อุทธรณ์แล้ว)', '', '2025-08-01', '', 1, NULL, '2025-12-16 01:44:34'),
(133, 26, 9, 'ทำหนังสือเชิญทำสัญญา และทำสัญญาหลังจากได้รับหนังสือ', '', '2025-08-14', '', 1, NULL, '2025-12-16 01:44:34'),
(134, 27, 1, 'ขออนุมัติโครงการ', '', '2024-12-26', '', 1, NULL, '2025-12-16 01:45:13'),
(135, 27, 2, 'แต่งตั้ง คกก.+ร่าง TOR+ราคากลาง', '', '2024-10-25', '', 1, NULL, '2025-12-16 01:45:13'),
(136, 27, 3, 'รายงานขออนุมัติร่าง TOR', '', '2024-12-18', '', 1, NULL, '2025-12-16 01:45:13'),
(137, 27, 4, 'รายงานขอซื้อขอจ้าง + แต่งตั้งคกก จจ/ตร', '', '2024-12-23', '', 1, NULL, '2025-12-16 01:45:13'),
(138, 27, 5, 'ขึ้นประชาพิจารณ์', '', '2024-12-24', '', 1, NULL, '2025-12-16 01:45:13'),
(139, 27, 6, 'ขึ้นประกาศ e-bidding', '', '2025-01-07', '', 1, NULL, '2025-12-16 01:45:13'),
(140, 27, 7, 'ยื่นข้อเสนอและข้อเสนอราคา + คกก. พิจารณา', '', '2025-01-16', '', 1, NULL, '2025-12-16 01:45:13'),
(141, 27, 8, 'ขึ้นประกาศผู้ชนะ (รวมให้อุทธรณ์แล้ว)', '', '2025-03-14', '', 1, NULL, '2025-12-16 01:45:13'),
(142, 27, 9, 'ทำหนังสือเชิญทำสัญญา และทำสัญญาหลังจากได้รับหนังสือ', '', '2025-03-28', '', 1, NULL, '2025-12-16 01:45:13'),
(143, 30, 1, 'ขออนุมัติโครงการ', '', '2024-08-30', '', 1, NULL, '2025-12-16 04:21:09'),
(144, 30, 2, 'แต่งตั้ง คกก.+ร่าง TOR+ราคากลาง', '', '2025-06-06', '', 1, NULL, '2025-12-16 04:21:09'),
(145, 30, 3, 'รายงานขออนุมัติร่าง TOR', '', '2025-07-08', '', 1, NULL, '2025-12-16 04:21:09'),
(146, 30, 4, 'รายงานขอซื้อขอจ้าง + แต่งตั้งคกก จจ/ตร', '', '2025-07-30', '', 1, NULL, '2025-12-16 04:21:09'),
(147, 30, 5, 'ขึ้นประชาพิจารณ์', '', '2025-08-01', '', 1, NULL, '2025-12-16 04:21:09'),
(148, 30, 6, 'ขึ้นประกาศ e-bidding', '', '2025-08-06', '', 1, NULL, '2025-12-16 04:21:09'),
(149, 30, 7, 'ยื่นข้อเสนอและข้อเสนอราคา + คกก. พิจารณา', '', '2025-08-25', '', 1, NULL, '2025-12-16 04:21:09'),
(150, 30, 8, 'ขึ้นประกาศผู้ชนะ (รวมให้อุทธรณ์แล้ว)', '', '2025-09-15', '', 1, NULL, '2025-12-16 04:21:09'),
(151, 30, 9, 'ทำหนังสือเชิญทำสัญญา และทำสัญญาหลังจากได้รับหนังสือ', '', '2025-10-14', '', 1, NULL, '2025-12-16 04:21:09'),
(152, 34, 1, 'ขออนุมัติโครงการ', '', '2025-12-16', '', 1, '', '2025-12-16 04:21:59'),
(153, 34, 2, 'แต่งตั้ง คกก.+ร่าง TOR+ราคากลาง', '', '2024-10-24', '', 1, NULL, '2025-12-16 04:21:59'),
(154, 34, 3, 'รายงานขออนุมัติร่าง TOR', '', '2024-11-21', '', 1, NULL, '2025-12-16 04:21:59'),
(155, 34, 4, 'รายงานขอซื้อขอจ้าง + แต่งตั้งคกก จจ/ตร', '', '2025-01-16', '', 1, NULL, '2025-12-16 04:21:59'),
(156, 34, 5, 'ขึ้นประชาพิจารณ์', '', '2025-01-16', '', 1, NULL, '2025-12-16 04:21:59'),
(157, 34, 6, 'ขึ้นประกาศ e-bidding', '', '2025-01-30', '', 1, NULL, '2025-12-16 04:21:59'),
(158, 34, 7, 'ยื่นข้อเสนอและข้อเสนอราคา + คกก. พิจารณา', '', '2025-02-13', '', 1, NULL, '2025-12-16 04:21:59'),
(159, 34, 8, 'ขึ้นประกาศผู้ชนะ (รวมให้อุทธรณ์แล้ว)', '', '2025-03-18', '', 1, NULL, '2025-12-16 04:21:59'),
(160, 34, 9, 'ทำหนังสือเชิญทำสัญญา และทำสัญญาหลังจากได้รับหนังสือ', '', '2025-04-08', '', 1, NULL, '2025-12-16 04:21:59'),
(161, 35, 1, 'ขออนุมัติโครงการ', '', '2025-12-16', '', 1, NULL, '2025-12-16 04:22:23'),
(162, 35, 2, 'แต่งตั้ง คกก.+ร่าง TOR+ราคากลาง', '', '2025-12-16', '', 1, NULL, '2025-12-16 04:22:23'),
(163, 35, 3, 'รายงานขออนุมัติร่าง TOR', '', '2025-12-16', '', 1, NULL, '2025-12-16 04:22:23'),
(164, 35, 4, 'รายงานขอซื้อขอจ้าง + แต่งตั้งคกก จจ/ตร', '', '2025-12-16', '', 1, NULL, '2025-12-16 04:22:23'),
(165, 35, 5, 'ขึ้นประชาพิจารณ์', '', '2025-12-16', '', 1, NULL, '2025-12-16 04:22:23'),
(166, 35, 6, 'ขึ้นประกาศ e-bidding', '', '2025-12-16', '', 1, NULL, '2025-12-16 04:22:23'),
(167, 35, 7, 'ยื่นข้อเสนอและข้อเสนอราคา + คกก. พิจารณา', '', '2025-12-16', '', 1, NULL, '2025-12-16 04:22:23'),
(168, 35, 8, 'ขึ้นประกาศผู้ชนะ (รวมให้อุทธรณ์แล้ว)', '', '2025-12-16', '', 1, NULL, '2025-12-16 04:22:23'),
(169, 35, 9, 'ทำหนังสือเชิญทำสัญญา และทำสัญญาหลังจากได้รับหนังสือ', '', '2025-12-16', '', 1, NULL, '2025-12-16 04:22:23'),
(170, 38, 1, 'ขออนุมัติโครงการ', '', '2025-12-16', '', 1, NULL, '2025-12-16 04:22:56'),
(171, 38, 2, 'แต่งตั้ง คกก.+ร่าง TOR+ราคากลาง', '', '2025-12-16', '', 1, NULL, '2025-12-16 04:22:56'),
(172, 38, 3, 'รายงานขออนุมัติร่าง TOR', '', '2025-12-16', '', 1, NULL, '2025-12-16 04:22:56'),
(173, 38, 4, 'รายงานขอซื้อขอจ้าง + แต่งตั้งคกก จจ/ตร', '', '2025-12-16', '', 1, NULL, '2025-12-16 04:22:56'),
(174, 38, 5, 'ขึ้นประชาพิจารณ์', '', '2025-12-16', '', 1, NULL, '2025-12-16 04:22:56'),
(175, 38, 6, 'ขึ้นประกาศ e-bidding', '', '2025-12-16', '', 1, NULL, '2025-12-16 04:22:56'),
(176, 38, 7, 'ยื่นข้อเสนอและข้อเสนอราคา + คกก. พิจารณา', '', '2025-12-16', '', 1, NULL, '2025-12-16 04:22:56'),
(177, 38, 8, 'ขึ้นประกาศผู้ชนะ (รวมให้อุทธรณ์แล้ว)', '', '2025-12-16', '', 1, NULL, '2025-12-16 04:22:56'),
(178, 38, 9, 'ทำหนังสือเชิญทำสัญญา และทำสัญญาหลังจากได้รับหนังสือ', '', '2025-12-16', '', 1, NULL, '2025-12-16 04:22:56'),
(179, 36, 1, 'ขออนุมัติโครงการ', '', '2025-12-16', '', 1, NULL, '2025-12-16 04:23:09'),
(180, 36, 2, 'แต่งตั้ง คกก.+ร่าง TOR+ราคากลาง', 'แต่งตั้ง คกก', '2025-12-16', '', 1, '', '2025-12-16 04:23:09'),
(181, 36, 3, 'รายงานขออนุมัติร่าง TOR', '', '2025-12-16', '', 1, NULL, '2025-12-16 04:23:09'),
(182, 36, 4, 'รายงานขอซื้อขอจ้าง + แต่งตั้งคกก จจ/ตร', '', '2025-12-16', '', 1, NULL, '2025-12-16 04:23:09'),
(183, 36, 5, 'ขึ้นประชาพิจารณ์', '', '2025-12-16', '', 1, NULL, '2025-12-16 04:23:09'),
(184, 36, 6, 'ขึ้นประกาศ e-bidding', '', '2025-12-16', '', 1, NULL, '2025-12-16 04:23:09'),
(185, 36, 7, 'ยื่นข้อเสนอและข้อเสนอราคา + คกก. พิจารณา', '', '2025-12-16', '', 0, NULL, '2025-12-16 04:23:09'),
(186, 36, 8, 'ขึ้นประกาศผู้ชนะ (รวมให้อุทธรณ์แล้ว)', '', '2025-12-16', '', 1, NULL, '2025-12-16 04:23:09'),
(187, 36, 9, 'ทำหนังสือเชิญทำสัญญา และทำสัญญาหลังจากได้รับหนังสือ', '', '2025-12-16', '', 1, NULL, '2025-12-16 04:23:09'),
(188, 37, 1, 'ขออนุมัติโครงการ', '', '2568-12-16', '', 1, '', '2025-12-16 04:44:13'),
(189, 37, 2, 'แต่งตั้ง คกก.+ร่าง TOR+ราคากลาง', '', '2568-12-16', '', 1, '', '2025-12-16 04:44:13'),
(190, 37, 3, 'รายงานขออนุมัติร่าง TOR', '', '2025-05-13', '', 1, NULL, '2025-12-16 04:44:13'),
(191, 37, 4, 'รายงานขอซื้อขอจ้าง + แต่งตั้งคกก จจ/ตร', '', '2025-05-13', '', 1, NULL, '2025-12-16 04:44:13'),
(192, 37, 5, 'ขึ้นประชาพิจารณ์', 'ใช้วิธีเฉพาะเจาะจง', '0000-00-00', '', 1, '', '2025-12-16 04:44:13'),
(193, 37, 6, 'ขึ้นประกาศ e-bidding', '', '0000-00-00', '', 1, NULL, '2025-12-16 04:44:13'),
(194, 37, 7, 'ยื่นข้อเสนอและข้อเสนอราคา + คกก. พิจารณา', '', '2025-05-13', '', 1, NULL, '2025-12-16 04:44:13'),
(195, 37, 8, 'ขึ้นประกาศผู้ชนะ (รวมให้อุทธรณ์แล้ว)', 'ใช้วิธีเฉพาะเจาจง', '0000-00-00', '', 1, '', '2025-12-16 04:44:13'),
(196, 37, 9, 'ทำหนังสือเชิญทำสัญญา และทำสัญญาหลังจากได้รับหนังสือ', '', '2025-09-18', '', 1, NULL, '2025-12-16 04:44:13'),
(197, 63, 1, 'ขออนุมัติโครงการ', '', '2568-12-16', '', 0, NULL, '2025-12-16 04:47:17'),
(198, 63, 2, 'แต่งตั้ง คกก.+ร่าง TOR+ราคากลาง', '', '2568-12-16', '', 0, NULL, '2025-12-16 04:47:17'),
(199, 63, 3, 'รายงานขออนุมัติร่าง TOR', '', '2568-12-16', '', 0, NULL, '2025-12-16 04:47:17'),
(200, 63, 4, 'รายงานขอซื้อขอจ้าง + แต่งตั้งคกก จจ/ตร', '', '2568-12-16', '', 0, NULL, '2025-12-16 04:47:17'),
(201, 63, 5, 'ขึ้นประชาพิจารณ์', '', '2568-12-16', '', 0, NULL, '2025-12-16 04:47:17'),
(202, 63, 6, 'ขึ้นประกาศ e-bidding', '', '2568-12-16', '', 0, NULL, '2025-12-16 04:47:17'),
(203, 63, 7, 'ยื่นข้อเสนอและข้อเสนอราคา + คกก. พิจารณา', '', '2568-12-16', '', 0, NULL, '2025-12-16 04:47:17'),
(204, 63, 8, 'ขึ้นประกาศผู้ชนะ (รวมให้อุทธรณ์แล้ว)', '', '2568-12-16', '', 0, NULL, '2025-12-16 04:47:17'),
(205, 63, 9, 'ทำหนังสือเชิญทำสัญญา และทำสัญญาหลังจากได้รับหนังสือ', '', '2568-12-16', '', 0, NULL, '2025-12-16 04:47:17'),
(206, 62, 1, 'ขออนุมัติโครงการ', '1.ท่านรองขวัญนภา ขอหารือกับบริษัท', '2025-12-01', '', 0, '', '2025-12-16 04:47:25'),
(207, 62, 2, 'แต่งตั้ง คกก.+ร่าง TOR+ราคากลาง', '', '0000-00-00', '', 0, NULL, '2025-12-16 04:47:25'),
(208, 62, 3, 'รายงานขออนุมัติร่าง TOR', '', '0000-00-00', '', 0, NULL, '2025-12-16 04:47:25'),
(209, 62, 4, 'รายงานขอซื้อขอจ้าง + แต่งตั้งคกก จจ/ตร', '', '0000-00-00', '', 0, NULL, '2025-12-16 04:47:25'),
(210, 62, 5, 'ขึ้นประชาพิจารณ์', '', '0000-00-00', '', 0, NULL, '2025-12-16 04:47:25'),
(211, 62, 6, 'ขึ้นประกาศ e-bidding', '', '0000-00-00', '', 0, NULL, '2025-12-16 04:47:25'),
(212, 62, 7, 'ยื่นข้อเสนอและข้อเสนอราคา + คกก. พิจารณา', '', '0000-00-00', '', 0, NULL, '2025-12-16 04:47:25'),
(213, 62, 8, 'ขึ้นประกาศผู้ชนะ (รวมให้อุทธรณ์แล้ว)', '', '0000-00-00', '', 0, NULL, '2025-12-16 04:47:25'),
(214, 62, 9, 'ทำหนังสือเชิญทำสัญญา และทำสัญญาหลังจากได้รับหนังสือ', '', '0000-00-00', '', 0, NULL, '2025-12-16 04:47:25'),
(215, 61, 1, 'ขออนุมัติโครงการ', '', '2025-11-07', '', 1, NULL, '2025-12-16 04:47:32'),
(216, 61, 2, 'แต่งตั้ง คกก.+ร่าง TOR+ราคากลาง', '', '0000-00-00', '', 0, NULL, '2025-12-16 04:47:32'),
(217, 61, 3, 'รายงานขออนุมัติร่าง TOR', '', '0000-00-00', '', 0, NULL, '2025-12-16 04:47:32'),
(218, 61, 4, 'รายงานขอซื้อขอจ้าง + แต่งตั้งคกก จจ/ตร', '', '0000-00-00', '', 0, NULL, '2025-12-16 04:47:32'),
(219, 61, 5, 'ขึ้นประชาพิจารณ์', '', '0000-00-00', '', 0, NULL, '2025-12-16 04:47:32'),
(220, 61, 6, 'ขึ้นประกาศ e-bidding', '', '0000-00-00', '', 0, NULL, '2025-12-16 04:47:33'),
(221, 61, 7, 'ยื่นข้อเสนอและข้อเสนอราคา + คกก. พิจารณา', '', '0000-00-00', '', 0, NULL, '2025-12-16 04:47:33'),
(222, 61, 8, 'ขึ้นประกาศผู้ชนะ (รวมให้อุทธรณ์แล้ว)', '', '0000-00-00', '', 0, NULL, '2025-12-16 04:47:33'),
(223, 61, 9, 'ทำหนังสือเชิญทำสัญญา และทำสัญญาหลังจากได้รับหนังสือ', '', '0000-00-00', '', 0, NULL, '2025-12-16 04:47:33'),
(224, 60, 1, 'ขออนุมัติโครงการ', '', '2025-11-13', '', 1, NULL, '2025-12-16 04:47:52'),
(225, 60, 2, 'แต่งตั้ง คกก.+ร่าง TOR+ราคากลาง', '', '2025-12-23', '', 1, NULL, '2025-12-16 04:47:52'),
(226, 60, 3, 'รายงานขออนุมัติร่าง TOR', '', '0000-00-00', '', 0, NULL, '2025-12-16 04:47:52'),
(227, 60, 4, 'รายงานขอซื้อขอจ้าง + แต่งตั้งคกก จจ/ตร', '', '0000-00-00', '', 0, NULL, '2025-12-16 04:47:52'),
(228, 60, 5, 'ขึ้นประชาพิจารณ์', '', '0000-00-00', '', 0, NULL, '2025-12-16 04:47:52'),
(229, 60, 6, 'ขึ้นประกาศ e-bidding', '', '0000-00-00', '', 0, NULL, '2025-12-16 04:47:52'),
(230, 60, 7, 'ยื่นข้อเสนอและข้อเสนอราคา + คกก. พิจารณา', '', '0000-00-00', '', 0, NULL, '2025-12-16 04:47:52'),
(231, 60, 8, 'ขึ้นประกาศผู้ชนะ (รวมให้อุทธรณ์แล้ว)', '', '0000-00-00', '', 0, NULL, '2025-12-16 04:47:52'),
(232, 60, 9, 'ทำหนังสือเชิญทำสัญญา และทำสัญญาหลังจากได้รับหนังสือ', '', '0000-00-00', '', 0, NULL, '2025-12-16 04:47:52'),
(233, 58, 1, 'ขออนุมัติโครงการ', '', '2025-11-07', '', 1, '', '2025-12-16 04:47:58'),
(234, 58, 2, 'แต่งตั้ง คกก.+ร่าง TOR+ราคากลาง', '', '2025-11-12', '', 1, NULL, '2025-12-16 04:47:58'),
(235, 58, 3, 'รายงานขออนุมัติร่าง TOR', '', '0000-00-00', '', 0, NULL, '2025-12-16 04:47:58'),
(236, 58, 4, 'รายงานขอซื้อขอจ้าง + แต่งตั้งคกก จจ/ตร', '', '0000-00-00', '', 0, NULL, '2025-12-16 04:47:58'),
(237, 58, 5, 'ขึ้นประชาพิจารณ์', '', '0000-00-00', '', 0, NULL, '2025-12-16 04:47:58'),
(238, 58, 6, 'ขึ้นประกาศ e-bidding', '', '0000-00-00', '', 0, NULL, '2025-12-16 04:47:58'),
(239, 58, 7, 'ยื่นข้อเสนอและข้อเสนอราคา + คกก. พิจารณา', '', '0000-00-00', '', 0, NULL, '2025-12-16 04:47:58'),
(240, 58, 8, 'ขึ้นประกาศผู้ชนะ (รวมให้อุทธรณ์แล้ว)', '', '0000-00-00', '', 0, NULL, '2025-12-16 04:47:58'),
(241, 58, 9, 'ทำหนังสือเชิญทำสัญญา และทำสัญญาหลังจากได้รับหนังสือ', '', '0000-00-00', '', 0, NULL, '2025-12-16 04:47:58'),
(242, 59, 1, 'ขออนุมัติโครงการ', '', '2025-11-07', '', 1, NULL, '2025-12-16 04:48:07'),
(243, 59, 2, 'แต่งตั้ง คกก.+ร่าง TOR+ราคากลาง', '', '2025-11-12', '', 1, NULL, '2025-12-16 04:48:07'),
(244, 59, 3, 'รายงานขออนุมัติร่าง TOR', '', '0000-00-00', '', 0, NULL, '2025-12-16 04:48:07'),
(245, 59, 4, 'รายงานขอซื้อขอจ้าง + แต่งตั้งคกก จจ/ตร', '', '0000-00-00', '', 0, NULL, '2025-12-16 04:48:07'),
(246, 59, 5, 'ขึ้นประชาพิจารณ์', '', '0000-00-00', '', 0, NULL, '2025-12-16 04:48:07'),
(247, 59, 6, 'ขึ้นประกาศ e-bidding', '', '0000-00-00', '', 0, NULL, '2025-12-16 04:48:07'),
(248, 59, 7, 'ยื่นข้อเสนอและข้อเสนอราคา + คกก. พิจารณา', '', '0000-00-00', '', 0, NULL, '2025-12-16 04:48:07'),
(249, 59, 8, 'ขึ้นประกาศผู้ชนะ (รวมให้อุทธรณ์แล้ว)', '', '0000-00-00', '', 0, NULL, '2025-12-16 04:48:07'),
(250, 59, 9, 'ทำหนังสือเชิญทำสัญญา และทำสัญญาหลังจากได้รับหนังสือ', '', '0000-00-00', '', 0, NULL, '2025-12-16 04:48:07'),
(251, 31, 1, 'ขออนุมัติโครงการ', '', '2024-09-30', '', 1, NULL, '2025-12-16 04:49:16'),
(252, 31, 2, 'แต่งตั้ง คกก.+ร่าง TOR+ราคากลาง', '', '2024-10-25', '', 1, NULL, '2025-12-16 04:49:16'),
(253, 31, 3, 'รายงานขออนุมัติร่าง TOR', '', '2024-12-06', '', 1, NULL, '2025-12-16 04:49:16'),
(254, 31, 4, 'รายงานขอซื้อขอจ้าง + แต่งตั้งคกก จจ/ตร', '', '2024-12-24', '', 1, NULL, '2025-12-16 04:49:16'),
(255, 31, 5, 'ขึ้นประชาพิจารณ์', '', '2025-01-28', '', 1, NULL, '2025-12-16 04:49:16'),
(256, 31, 6, 'ขึ้นประกาศ e-bidding', '', '2025-04-21', '', 1, NULL, '2025-12-16 04:49:16'),
(257, 31, 7, 'ยื่นข้อเสนอและข้อเสนอราคา + คกก. พิจารณา', '', '2025-05-14', '', 1, NULL, '2025-12-16 04:49:16'),
(258, 31, 8, 'ขึ้นประกาศผู้ชนะ (รวมให้อุทธรณ์แล้ว)', '', '2025-06-09', '', 1, NULL, '2025-12-16 04:49:16'),
(259, 31, 9, 'ทำหนังสือเชิญทำสัญญา และทำสัญญาหลังจากได้รับหนังสือ', '', '2025-07-15', '', 1, NULL, '2025-12-16 04:49:16'),
(260, 32, 1, 'ขออนุมัติโครงการ', '', '2024-09-30', '', 1, NULL, '2025-12-16 04:49:20'),
(261, 32, 2, 'แต่งตั้ง คกก.+ร่าง TOR+ราคากลาง', '', '2024-10-05', '', 1, NULL, '2025-12-16 04:49:20'),
(262, 32, 3, 'รายงานขออนุมัติร่าง TOR', '', '2024-12-09', '', 1, NULL, '2025-12-16 04:49:20'),
(263, 32, 4, 'รายงานขอซื้อขอจ้าง + แต่งตั้งคกก จจ/ตร', '', '2024-12-26', '', 1, NULL, '2025-12-16 04:49:20'),
(264, 32, 5, 'ขึ้นประชาพิจารณ์', 'MA webdtn\r\n(เฉพาะเจาะจง)', '2025-12-26', '', 1, '', '2025-12-16 04:49:20'),
(265, 32, 6, 'ขึ้นประกาศ e-bidding', 'MA webdtn\r\n(เฉพาะเจาะจง)', '2025-12-26', '', 1, '', '2025-12-16 04:49:20'),
(266, 32, 7, 'ยื่นข้อเสนอและข้อเสนอราคา + คกก. พิจารณา', '', '2025-01-23', '', 1, NULL, '2025-12-16 04:49:20'),
(267, 32, 8, 'ขึ้นประกาศผู้ชนะ (รวมให้อุทธรณ์แล้ว)', 'MA webdtn\r\n(เฉพาะเจาะจง)', '2025-01-23', '', 1, '', '2025-12-16 04:49:20'),
(268, 32, 9, 'ทำหนังสือเชิญทำสัญญา และทำสัญญาหลังจากได้รับหนังสือ', '', '2025-02-17', '', 1, NULL, '2025-12-16 04:49:20'),
(270, 28, 1, 'ขออนุมัติโครงการ', '', '2025-03-11', '', 1, NULL, '2025-12-16 08:24:01'),
(271, 28, 2, 'แต่งตั้ง คกก.+ร่าง TOR+ราคากลาง', '', '2025-03-28', '', 1, NULL, '2025-12-16 08:24:01'),
(272, 28, 3, 'รายงานขออนุมัติร่าง TOR', '', '2025-07-07', '', 1, NULL, '2025-12-16 08:24:01'),
(273, 28, 4, 'รายงานขอซื้อขอจ้าง + แต่งตั้งคกก จจ/ตร', '', '2025-07-14', '', 1, NULL, '2025-12-16 08:24:01'),
(274, 28, 5, 'ขึ้นประชาพิจารณ์', '', '2025-07-30', '', 1, NULL, '2025-12-16 08:24:01'),
(275, 28, 6, 'ขึ้นประกาศ e-bidding', '', '2025-08-07', '', 1, NULL, '2025-12-16 08:24:01'),
(276, 28, 7, 'ยื่นข้อเสนอและข้อเสนอราคา + คกก. พิจารณา', '', '2025-08-26', '', 1, NULL, '2025-12-16 08:24:01'),
(277, 28, 8, 'ขึ้นประกาศผู้ชนะ (รวมให้อุทธรณ์แล้ว)', '', '2025-09-12', '', 1, NULL, '2025-12-16 08:24:01'),
(278, 28, 9, 'ทำหนังสือเชิญทำสัญญา และทำสัญญาหลังจากได้รับหนังสือ', '', '2025-10-21', '', 1, NULL, '2025-12-16 08:24:01'),
(279, 33, 1, 'ขออนุมัติโครงการ', '', '2024-08-30', '', 1, NULL, '2025-12-16 09:04:18'),
(280, 33, 2, 'แต่งตั้ง คกก.+ร่าง TOR+ราคากลาง', '', '2024-10-25', '', 1, NULL, '2025-12-16 09:04:18'),
(281, 33, 3, 'รายงานขออนุมัติร่าง TOR', '', '2024-12-06', '', 1, NULL, '2025-12-16 09:04:18'),
(282, 33, 4, 'รายงานขอซื้อขอจ้าง + แต่งตั้งคกก จจ/ตร', '', '2025-03-03', '', 1, NULL, '2025-12-16 09:04:18'),
(283, 33, 5, 'ขึ้นประชาพิจารณ์', '', '2025-03-03', '', 1, NULL, '2025-12-16 09:04:18'),
(284, 33, 6, 'ขึ้นประกาศ e-bidding', '', '2025-03-03', '', 1, NULL, '2025-12-16 09:04:18'),
(285, 33, 7, 'ยื่นข้อเสนอและข้อเสนอราคา + คกก. พิจารณา', '', '2025-03-14', '', 1, NULL, '2025-12-16 09:04:18'),
(286, 33, 8, 'ขึ้นประกาศผู้ชนะ (รวมให้อุทธรณ์แล้ว)', '', '2025-04-08', '', 1, NULL, '2025-12-16 09:04:18'),
(287, 33, 9, 'ทำหนังสือเชิญทำสัญญา และทำสัญญาหลังจากได้รับหนังสือ', '', '2025-05-27', '', 1, NULL, '2025-12-16 09:04:18'),
(334, 72, 1, 'ขออนุมัติโครงการ', '', '2569-02-05', '', 0, NULL, '2026-02-05 07:47:47'),
(335, 72, 2, 'แต่งตั้ง คกก.+ร่าง TOR+ราคากลาง', '', '2569-02-05', '', 0, NULL, '2026-02-05 07:47:47'),
(336, 72, 3, 'รายงานขออนุมัติร่าง TOR', '', '2569-02-05', '', 0, NULL, '2026-02-05 07:47:47'),
(337, 72, 4, 'รายงานขอซื้อขอจ้าง + แต่งตั้งคกก จจ/ตร', '', '2569-02-05', '', 0, NULL, '2026-02-05 07:47:47'),
(338, 72, 5, 'ขึ้นประชาพิจารณ์', '', '2569-02-05', '', 0, NULL, '2026-02-05 07:47:47'),
(339, 72, 6, 'ขึ้นประกาศ e-bidding', '', '2569-02-05', '', 0, NULL, '2026-02-05 07:47:47'),
(340, 72, 7, 'ยื่นข้อเสนอและข้อเสนอราคา + คกก. พิจารณา', '', '2569-02-05', '', 0, NULL, '2026-02-05 07:47:47'),
(341, 72, 8, 'ขึ้นประกาศผู้ชนะ (รวมให้อุทธรณ์แล้ว)', '', '2569-02-05', '', 0, NULL, '2026-02-05 07:47:47'),
(342, 72, 9, 'ทำหนังสือเชิญทำสัญญา และทำสัญญาหลังจากได้รับหนังสือ', '', '2569-02-05', '', 0, NULL, '2026-02-05 07:47:47'),
(343, 73, 1, 'ขออนุมัติโครงการ', '', '2569-02-05', '', 0, NULL, '2026-02-05 07:48:05'),
(344, 73, 2, 'แต่งตั้ง คกก.+ร่าง TOR+ราคากลาง', '', '2569-02-05', '', 0, NULL, '2026-02-05 07:48:05'),
(345, 73, 3, 'รายงานขออนุมัติร่าง TOR', '', '2569-02-05', '', 0, NULL, '2026-02-05 07:48:05'),
(346, 73, 4, 'รายงานขอซื้อขอจ้าง + แต่งตั้งคกก จจ/ตร', '', '2569-02-05', '', 0, NULL, '2026-02-05 07:48:05'),
(347, 73, 5, 'ขึ้นประชาพิจารณ์', '', '2569-02-05', '', 0, NULL, '2026-02-05 07:48:05'),
(348, 73, 6, 'ขึ้นประกาศ e-bidding', '', '2569-02-05', '', 0, NULL, '2026-02-05 07:48:05'),
(349, 73, 7, 'ยื่นข้อเสนอและข้อเสนอราคา + คกก. พิจารณา', '', '2569-02-05', '', 0, NULL, '2026-02-05 07:48:05'),
(350, 73, 8, 'ขึ้นประกาศผู้ชนะ (รวมให้อุทธรณ์แล้ว)', '', '2569-02-05', '', 0, NULL, '2026-02-05 07:48:05'),
(351, 73, 9, 'ทำหนังสือเชิญทำสัญญา และทำสัญญาหลังจากได้รับหนังสือ', '', '2569-02-05', '', 0, NULL, '2026-02-05 07:48:05'),
(352, 76, 1, 'ขออนุมัติโครงการ', 'ทดสอบ', '2569-02-06', '', 0, NULL, '2026-02-06 09:26:18'),
(353, 76, 2, 'แต่งตั้ง คกก.+ร่าง TOR+ราคากลาง', '', NULL, '', 0, NULL, '2026-02-06 09:26:18'),
(354, 76, 3, 'รายงานขออนุมัติร่าง TOR', '', NULL, '', 0, NULL, '2026-02-06 09:26:18'),
(355, 76, 4, 'รายงานขอซื้อขอจ้าง + แต่งตั้งคกก จจ/ตร', '', NULL, '', 0, NULL, '2026-02-06 09:26:18'),
(356, 76, 5, 'ขึ้นประชาพิจารณ์', '', NULL, '', 0, NULL, '2026-02-06 09:26:18'),
(357, 76, 6, 'ขึ้นประกาศ e-bidding', '', NULL, '', 0, NULL, '2026-02-06 09:26:18'),
(358, 76, 7, 'ยื่นข้อเสนอและข้อเสนอราคา + คกก. พิจารณา', '', NULL, '', 0, NULL, '2026-02-06 09:26:18'),
(359, 76, 8, 'ขึ้นประกาศผู้ชนะ (รวมให้อุทธรณ์แล้ว)', '', NULL, '', 0, NULL, '2026-02-06 09:26:18'),
(360, 76, 9, 'ทำหนังสือเชิญทำสัญญา และทำสัญญาหลังจากได้รับหนังสือ', '', NULL, '', 0, NULL, '2026-02-06 09:26:18'),
(361, 56, 10, 'ทดสอบ', '', NULL, NULL, 0, NULL, '2026-04-07 09:20:45');

-- --------------------------------------------------------

--
-- Table structure for table `users`
--

CREATE TABLE `users` (
  `id` int(11) NOT NULL,
  `username` varchar(50) NOT NULL,
  `password` varchar(255) NOT NULL
) ENGINE=InnoDB DEFAULT CHARSET=utf8mb4 COLLATE=utf8mb4_general_ci;

--
-- Dumping data for table `users`
--

INSERT INTO `users` (`id`, `username`, `password`) VALUES
(4, 'ploy', '123456'),
(8, 'chayanee', '$2y$10$gqmCyn67QwC7mypIKWKDH.XlMorcfetntlL4yF.1Hp8GQwYrDrOTu'),
(9, 'admin', '$2y$10$hyPouzvj3dtGBVv/rTqiOOjseqXQ.tY8NUHQXTon67aMLjyr/VKsC');

--
-- Indexes for dumped tables
--

--
-- Indexes for table `budget_act`
--
ALTER TABLE `budget_act`
  ADD PRIMARY KEY (`id`);

--
-- Indexes for table `budget_detail`
--
ALTER TABLE `budget_detail`
  ADD PRIMARY KEY (`id_detail`),
  ADD KEY `budget_item_id` (`budget_item_id`);

--
-- Indexes for table `budget_items`
--
ALTER TABLE `budget_items`
  ADD PRIMARY KEY (`id`);

--
-- Indexes for table `contracts`
--
ALTER TABLE `contracts`
  ADD PRIMARY KEY (`contract_id`),
  ADD KEY `contracts_ibfk_1` (`detail_item_id`);

--
-- Indexes for table `issues`
--
ALTER TABLE `issues`
  ADD PRIMARY KEY (`issue_id`),
  ADD KEY `issues_ibfk_1` (`id_detail`);

--
-- Indexes for table `phases`
--
ALTER TABLE `phases`
  ADD PRIMARY KEY (`phase_id`),
  ADD KEY `contract_id` (`contract_detail_id`);

--
-- Indexes for table `project_steps`
--
ALTER TABLE `project_steps`
  ADD PRIMARY KEY (`id`),
  ADD KEY `project_steps_ibfk_1` (`id_budget_detail`);

--
-- Indexes for table `users`
--
ALTER TABLE `users`
  ADD PRIMARY KEY (`id`),
  ADD UNIQUE KEY `username` (`username`);

--
-- AUTO_INCREMENT for dumped tables
--

--
-- AUTO_INCREMENT for table `budget_act`
--
ALTER TABLE `budget_act`
  MODIFY `id` int(11) NOT NULL AUTO_INCREMENT, AUTO_INCREMENT=13;

--
-- AUTO_INCREMENT for table `budget_detail`
--
ALTER TABLE `budget_detail`
  MODIFY `id_detail` int(11) NOT NULL AUTO_INCREMENT, AUTO_INCREMENT=77;

--
-- AUTO_INCREMENT for table `budget_items`
--
ALTER TABLE `budget_items`
  MODIFY `id` int(11) NOT NULL AUTO_INCREMENT, AUTO_INCREMENT=33;

--
-- AUTO_INCREMENT for table `contracts`
--
ALTER TABLE `contracts`
  MODIFY `contract_id` int(11) NOT NULL AUTO_INCREMENT, AUTO_INCREMENT=44;

--
-- AUTO_INCREMENT for table `issues`
--
ALTER TABLE `issues`
  MODIFY `issue_id` int(11) NOT NULL AUTO_INCREMENT, AUTO_INCREMENT=11;

--
-- AUTO_INCREMENT for table `phases`
--
ALTER TABLE `phases`
  MODIFY `phase_id` int(11) NOT NULL AUTO_INCREMENT, AUTO_INCREMENT=92;

--
-- AUTO_INCREMENT for table `project_steps`
--
ALTER TABLE `project_steps`
  MODIFY `id` int(11) NOT NULL AUTO_INCREMENT, AUTO_INCREMENT=362;

--
-- AUTO_INCREMENT for table `users`
--
ALTER TABLE `users`
  MODIFY `id` int(11) NOT NULL AUTO_INCREMENT, AUTO_INCREMENT=10;

--
-- Constraints for dumped tables
--

--
-- Constraints for table `budget_detail`
--
ALTER TABLE `budget_detail`
  ADD CONSTRAINT `budget_detail_ibfk_1` FOREIGN KEY (`budget_item_id`) REFERENCES `budget_items` (`id`) ON DELETE CASCADE;

--
-- Constraints for table `contracts`
--
ALTER TABLE `contracts`
  ADD CONSTRAINT `contracts_ibfk_1` FOREIGN KEY (`detail_item_id`) REFERENCES `budget_detail` (`id_detail`) ON DELETE CASCADE;

--
-- Constraints for table `issues`
--
ALTER TABLE `issues`
  ADD CONSTRAINT `issues_ibfk_1` FOREIGN KEY (`id_detail`) REFERENCES `budget_detail` (`id_detail`);

--
-- Constraints for table `phases`
--
ALTER TABLE `phases`
  ADD CONSTRAINT `phases_ibfk_1` FOREIGN KEY (`contract_detail_id`) REFERENCES `contracts` (`contract_id`) ON DELETE CASCADE;

--
-- Constraints for table `project_steps`
--
ALTER TABLE `project_steps`
  ADD CONSTRAINT `project_steps_ibfk_1` FOREIGN KEY (`id_budget_detail`) REFERENCES `budget_detail` (`id_detail`) ON DELETE CASCADE;
COMMIT;

/*!40101 SET CHARACTER_SET_CLIENT=@OLD_CHARACTER_SET_CLIENT */;
/*!40101 SET CHARACTER_SET_RESULTS=@OLD_CHARACTER_SET_RESULTS */;
/*!40101 SET COLLATION_CONNECTION=@OLD_COLLATION_CONNECTION */;
